level	page_num	block_num	par_num	line_num	word_num	left	top	width	height	conf	text
1	1	0	0	0	0	0	0	1280	10465	-1	
2	1	1	0	0	0	449	1853	16	12	-1	
3	1	1	1	0	0	449	1853	16	12	-1	
4	1	1	1	1	0	449	1853	16	12	-1	
5	1	1	1	1	1	449	1853	16	12	19	vv
2	1	2	0	0	0	522	1853	16	12	-1	
3	1	2	1	0	0	522	1853	16	12	-1	
4	1	2	1	1	0	522	1853	16	12	-1	
5	1	2	1	1	1	526	1849	6	24	0	c<
2	1	3	0	0	0	595	1853	16	11	-1	
3	1	3	1	0	0	595	1853	16	11	-1	
4	1	3	1	1	0	595	1853	16	11	-1	
5	1	3	1	1	1	595	1853	16	11	0	¢
2	1	4	0	0	0	668	1853	15	12	-1	
3	1	4	1	0	0	668	1853	15	12	-1	
4	1	4	1	1	0	668	1853	15	12	-1	
5	1	4	1	1	1	668	1853	15	12	76	v
2	1	5	0	0	0	740	1853	16	12	-1	
3	1	5	1	0	0	740	1853	16	12	-1	
4	1	5	1	1	0	740	1853	16	12	-1	
5	1	5	1	1	1	740	1853	16	12	49	v
2	1	6	0	0	0	813	1853	16	12	-1	
3	1	6	1	0	0	813	1853	16	12	-1	
4	1	6	1	1	0	813	1853	16	12	-1	
5	1	6	1	1	1	815	1849	6	24	7	ac
2	1	7	0	0	0	413	1878	16	12	-1	
3	1	7	1	0	0	413	1878	16	12	-1	
4	1	7	1	1	0	413	1878	16	12	-1	
5	1	7	1	1	1	413	1878	16	12	60	v
2	1	8	0	0	0	485	1878	16	12	-1	
3	1	8	1	0	0	485	1878	16	12	-1	
4	1	8	1	1	0	485	1878	16	12	-1	
5	1	8	1	1	1	485	1878	16	12	58	a
2	1	9	0	0	0	558	1878	16	12	-1	
3	1	9	1	0	0	558	1878	16	12	-1	
4	1	9	1	1	0	558	1878	16	12	-1	
5	1	9	1	1	1	558	1878	16	12	15	+
2	1	10	0	0	0	631	1878	16	12	-1	
3	1	10	1	0	0	631	1878	16	12	-1	
4	1	10	1	1	0	631	1878	16	12	-1	
5	1	10	1	1	1	631	1878	16	12	29	vv
2	1	11	0	0	0	704	1878	15	12	-1	
3	1	11	1	0	0	704	1878	15	12	-1	
4	1	11	1	1	0	704	1878	15	12	-1	
5	1	11	1	1	1	704	1878	15	12	55	v
2	1	12	0	0	0	776	1878	16	12	-1	
3	1	12	1	0	0	776	1878	16	12	-1	
4	1	12	1	1	0	776	1878	16	12	-1	
5	1	12	1	1	1	776	1878	16	12	58	v
2	1	13	0	0	0	849	1878	16	12	-1	
3	1	13	1	0	0	849	1878	16	12	-1	
4	1	13	1	1	0	849	1878	16	12	-1	
5	1	13	1	1	1	849	1878	16	12	77	v
2	1	14	0	0	0	449	1906	16	12	-1	
3	1	14	1	0	0	449	1906	16	12	-1	
4	1	14	1	1	0	449	1906	16	12	-1	
5	1	14	1	1	1	449	1906	16	12	23	+
2	1	15	0	0	0	522	1906	16	12	-1	
3	1	15	1	0	0	522	1906	16	12	-1	
4	1	15	1	1	0	522	1906	16	12	-1	
5	1	15	1	1	1	522	1906	16	12	5	a
2	1	16	0	0	0	595	1906	15	12	-1	
3	1	16	1	0	0	595	1906	15	12	-1	
4	1	16	1	1	0	595	1906	15	12	-1	
5	1	16	1	1	1	595	1906	15	12	22	av
2	1	17	0	0	0	667	1905	16	13	-1	
3	1	17	1	0	0	667	1905	16	13	-1	
4	1	17	1	1	0	667	1905	16	13	-1	
5	1	17	1	1	1	669	1901	7	26	30	av
2	1	18	0	0	0	740	1906	16	12	-1	
3	1	18	1	0	0	740	1906	16	12	-1	
4	1	18	1	1	0	740	1906	16	12	-1	
5	1	18	1	1	1	740	1906	16	12	0	+
2	1	19	0	0	0	813	1906	16	12	-1	
3	1	19	1	0	0	813	1906	16	12	-1	
4	1	19	1	1	0	813	1906	16	12	-1	
5	1	19	1	1	1	815	1902	6	24	0	ac
2	1	20	0	0	0	376	1959	16	11	-1	
3	1	20	1	0	0	376	1959	16	11	-1	
4	1	20	1	1	0	376	1959	16	11	-1	
5	1	20	1	1	1	376	1959	16	11	65	v
2	1	21	0	0	0	461	1939	348	30	-1	
3	1	21	1	0	0	461	1939	348	30	-1	
4	1	21	1	1	0	461	1939	348	30	-1	
5	1	21	1	1	1	461	1939	92	30	96	Read
5	1	21	1	1	2	563	1939	137	30	96	without
5	1	21	1	1	3	712	1939	97	30	96	limits
2	1	22	0	0	0	377	2011	15	12	-1	
3	1	22	1	0	0	377	2011	15	12	-1	
4	1	22	1	1	0	377	2011	15	12	-1	
5	1	22	1	1	1	377	2011	15	12	76	v
2	1	23	0	0	0	433	2012	414	22	-1	
3	1	23	1	0	0	433	2012	414	22	-1	
4	1	23	1	1	0	433	2012	414	22	-1	
5	1	23	1	1	1	433	2012	61	22	96	Enjoy
5	1	23	1	1	2	500	2012	40	17	96	free
5	1	23	1	1	3	548	2018	69	11	96	access
5	1	23	1	1	4	624	2014	21	15	96	to
5	1	23	1	1	5	652	2012	103	18	96	WSJ.com
5	1	23	1	1	6	762	2013	85	21	96	starting
2	1	24	0	0	0	498	2043	290	22	-1	
3	1	24	1	0	0	498	2043	290	22	-1	
4	1	24	1	1	0	498	2043	290	22	-1	
5	1	24	1	1	1	498	2043	62	22	96	Super
5	1	24	1	1	2	567	2043	92	22	96	Tuesday,
5	1	24	1	1	3	667	2043	68	17	96	March
5	1	24	1	1	4	742	2043	46	18	92	3-5.
2	1	25	0	0	0	522	2109	236	21	-1	
3	1	25	1	0	0	522	2109	236	21	-1	
4	1	25	1	1	0	522	2109	236	21	-1	
5	1	25	1	1	1	522	2109	35	21	94	THE
5	1	25	1	1	2	561	2109	46	21	94	WALL
5	1	25	1	1	3	612	2109	65	21	95	STREET
5	1	25	1	1	4	680	2109	78	21	95	JOURNAL.
2	1	26	0	0	0	555	2139	170	15	-1	
3	1	26	1	0	0	555	2139	170	15	-1	
4	1	26	1	1	0	555	2139	170	15	-1	
5	1	26	1	1	1	555	2139	43	15	96	Read
5	1	26	1	1	2	602	2139	68	15	96	Yourself
5	1	26	1	1	3	674	2140	51	14	96	Better
2	1	27	0	0	0	449	2170	16	12	-1	
3	1	27	1	0	0	449	2170	16	12	-1	
4	1	27	1	1	0	449	2170	16	12	-1	
5	1	27	1	1	1	449	2170	16	12	0	¢
2	1	28	0	0	0	522	2170	16	12	-1	
3	1	28	1	0	0	522	2170	16	12	-1	
4	1	28	1	1	0	522	2170	16	12	-1	
5	1	28	1	1	1	522	2170	16	12	63	a
2	1	29	0	0	0	595	2170	16	12	-1	
3	1	29	1	0	0	595	2170	16	12	-1	
4	1	29	1	1	0	595	2170	16	12	-1	
5	1	29	1	1	1	597	2166	6	24	19	ac
2	1	30	0	0	0	668	2170	15	12	-1	
3	1	30	1	0	0	668	2170	15	12	-1	
4	1	30	1	1	0	668	2170	15	12	-1	
5	1	30	1	1	1	670	2166	6	24	0	¢v
2	1	31	0	0	0	740	2170	16	12	-1	
3	1	31	1	0	0	740	2170	16	12	-1	
4	1	31	1	1	0	740	2170	16	12	-1	
5	1	31	1	1	1	740	2170	16	12	55	v
2	1	32	0	0	0	813	2170	16	12	-1	
3	1	32	1	0	0	813	2170	16	12	-1	
4	1	32	1	1	0	813	2170	16	12	-1	
5	1	32	1	1	1	815	2166	6	24	5	ac
2	1	33	0	0	0	413	2195	15	12	-1	
3	1	33	1	0	0	413	2195	15	12	-1	
4	1	33	1	1	0	413	2195	15	12	-1	
5	1	33	1	1	1	413	2195	15	12	52	v
2	1	34	0	0	0	485	2195	16	12	-1	
3	1	34	1	0	0	485	2195	16	12	-1	
4	1	34	1	1	0	485	2195	16	12	-1	
5	1	34	1	1	1	485	2195	16	12	38	vv
2	1	35	0	0	0	558	2195	16	12	-1	
3	1	35	1	0	0	558	2195	16	12	-1	
4	1	35	1	1	0	558	2195	16	12	-1	
5	1	35	1	1	1	558	2195	16	12	60	v
2	1	36	0	0	0	631	2195	16	12	-1	
3	1	36	1	0	0	631	2195	16	12	-1	
4	1	36	1	1	0	631	2195	16	12	-1	
5	1	36	1	1	1	631	2195	16	12	79	v
2	1	37	0	0	0	704	2195	15	12	-1	
3	1	37	1	0	0	704	2195	15	12	-1	
4	1	37	1	1	0	704	2195	15	12	-1	
5	1	37	1	1	1	704	2195	15	12	61	v
2	1	38	0	0	0	776	2195	16	12	-1	
3	1	38	1	0	0	776	2195	16	12	-1	
4	1	38	1	1	0	776	2195	16	12	-1	
5	1	38	1	1	1	776	2195	16	12	68	v
2	1	39	0	0	0	849	2195	16	12	-1	
3	1	39	1	0	0	849	2195	16	12	-1	
4	1	39	1	1	0	849	2195	16	12	-1	
5	1	39	1	1	1	849	2195	16	12	77	v
2	1	40	0	0	0	449	2223	16	12	-1	
3	1	40	1	0	0	449	2223	16	12	-1	
4	1	40	1	1	0	449	2223	16	12	-1	
5	1	40	1	1	1	449	2223	16	12	0	ve
2	1	41	0	0	0	522	2223	16	12	-1	
3	1	41	1	0	0	522	2223	16	12	-1	
4	1	41	1	1	0	522	2223	16	12	-1	
5	1	41	1	1	1	522	2223	16	12	0	c
2	1	42	0	0	0	595	2223	15	12	-1	
3	1	42	1	0	0	595	2223	15	12	-1	
4	1	42	1	1	0	595	2223	15	12	-1	
5	1	42	1	1	1	595	2223	15	12	12	v
2	1	43	0	0	0	668	2223	15	12	-1	
3	1	43	1	0	0	668	2223	15	12	-1	
4	1	43	1	1	0	668	2223	15	12	-1	
5	1	43	1	1	1	668	2223	15	12	3	7
2	1	44	0	0	0	740	2223	16	12	-1	
3	1	44	1	0	0	740	2223	16	12	-1	
4	1	44	1	1	0	740	2223	16	12	-1	
5	1	44	1	1	1	742	2219	6	24	8	av
2	1	45	0	0	0	813	2223	16	12	-1	
3	1	45	1	0	0	813	2223	16	12	-1	
4	1	45	1	1	0	813	2223	16	12	-1	
5	1	45	1	1	1	813	2223	16	12	51	a
2	1	46	0	0	0	171	4152	286	18	-1	
3	1	46	1	0	0	171	4152	286	18	-1	
4	1	46	1	1	0	171	4152	286	18	-1	
5	1	46	1	1	1	171	4152	58	18	88	Kellogg
5	1	46	1	1	2	234	4152	39	14	96	Dean
5	1	46	1	1	3	279	4152	34	18	93	Says
5	1	46	1	1	4	318	4152	65	14	4	M.B.As
5	1	46	1	1	5	388	4152	50	14	94	Future
5	1	46	1	1	6	443	4152	14	14	96	Is
2	1	47	0	0	0	171	4174	243	18	-1	
3	1	47	1	0	0	171	4174	243	18	-1	
4	1	47	1	1	0	171	4174	243	18	-1	
5	1	47	1	1	1	171	4174	81	17	96	Uncertain,
5	1	47	1	1	2	258	4174	27	14	93	and
5	1	47	1	1	3	290	4174	50	14	90	That’s
5	1	47	1	1	4	345	4174	22	14	30	All
5	1	47	1	1	5	372	4174	42	18	96	Right
2	1	48	0	0	0	886	4189	137	14	-1	
3	1	48	1	0	0	886	4189	137	14	-1	
4	1	48	1	1	0	886	4189	137	14	-1	
5	1	48	1	1	1	886	4189	59	14	16	pT
5	1	48	1	1	2	973	4189	50	14	23	Sg
2	1	49	0	0	0	171	4203	260	14	-1	
3	1	49	1	0	0	171	4203	260	14	-1	
4	1	49	1	1	0	171	4203	260	14	-1	
5	1	49	1	1	1	171	4204	62	10	93	Francesca
5	1	49	1	1	2	238	4204	49	10	91	Cornelli
5	1	49	1	1	3	290	4204	40	13	93	joined
5	1	49	1	1	4	334	4203	97	11	69	Northwestern’s
2	1	50	0	0	0	501	4211	120	10	-1	
3	1	50	1	0	0	501	4211	120	10	-1	
4	1	50	1	1	0	501	4211	120	10	-1	
5	1	50	1	1	1	501	4211	40	10	87	Putting
5	1	50	1	1	2	545	4211	46	8	92	Patients
5	1	50	1	1	3	595	4211	26	8	78	First
2	1	51	0	0	0	889	4205	149	14	-1	
3	1	51	1	0	0	889	4205	149	14	-1	
4	1	51	1	1	0	889	4205	149	14	-1	
5	1	51	1	1	1	889	4206	32	13	31	i
5	1	51	1	1	2	925	4205	52	14	13	aD
5	1	51	1	1	3	1014	4206	24	13	25	lies
2	1	52	0	0	0	171	4224	276	10	-1	
3	1	52	1	0	0	171	4224	276	10	-1	
4	1	52	1	1	0	171	4224	276	10	-1	
5	1	52	1	1	1	171	4224	54	10	96	business
5	1	52	1	1	2	229	4224	39	10	93	school
5	1	52	1	1	3	272	4224	23	10	95	last
5	1	52	1	1	4	299	4225	67	9	96	summer
5	1	52	1	1	5	349	4215	14	28	96	to
5	1	52	1	1	6	370	4224	34	10	96	teach
5	1	52	1	1	7	408	4224	39	10	96	future
2	1	53	0	0	0	1019	4237	17	1	-1	
3	1	53	1	0	0	1019	4237	17	1	-1	
4	1	53	1	1	0	1019	4237	17	1	-1	
5	1	53	1	1	1	1019	4237	17	1	35	55
2	1	54	0	0	0	500	4235	33	8	-1	
3	1	54	1	0	0	500	4235	33	8	-1	
4	1	54	1	1	0	500	4235	33	8	-1	
5	1	54	1	1	1	500	4235	20	8	76	The
5	1	54	1	1	2	525	4235	8	8	89	bil
2	1	55	0	0	0	549	4235	222	10	-1	
3	1	55	1	0	0	549	4235	222	10	-1	
4	1	55	1	1	0	549	4235	222	10	-1	
5	1	55	1	1	1	549	4237	11	6	14	ns
5	1	55	1	1	2	564	4235	11	8	76	of
5	1	55	1	1	3	578	4235	32	8	76	letters
5	1	55	1	1	4	614	4237	8	6	95	in
5	1	55	1	1	5	626	4235	16	8	96	the
5	1	55	1	1	6	646	4235	36	8	95	human
5	1	55	1	1	7	686	4237	43	8	96	genome
5	1	55	1	1	8	733	4235	38	8	93	contain
2	1	56	0	0	0	827	4189	53	51	-1	
3	1	56	1	0	0	827	4189	53	51	-1	
4	1	56	1	1	0	827	4189	53	51	-1	
5	1	56	1	1	1	827	4189	53	51	54	WSJ
2	1	57	0	0	0	959	4237	45	10	-1	
3	1	57	1	0	0	959	4237	45	10	-1	
4	1	57	1	1	0	959	4237	45	10	-1	
5	1	57	1	1	1	959	4237	45	10	25	irene
2	1	58	0	0	0	1067	4237	33	10	-1	
3	1	58	1	0	0	1067	4237	33	10	-1	
4	1	58	1	1	0	1067	4237	33	10	-1	
5	1	58	1	1	1	1074	4237	26	10	6	Ces
2	1	59	0	0	0	171	4243	269	14	-1	
3	1	59	1	0	0	171	4243	269	14	-1	
4	1	59	1	1	0	171	4243	269	14	-1	
5	1	59	1	1	1	171	4247	61	9	96	managers
5	1	59	1	1	2	236	4243	26	11	96	how
5	1	59	1	1	3	266	4245	12	9	96	to
5	1	59	1	1	4	282	4244	25	10	96	deal
5	1	59	1	1	5	312	4243	27	11	96	with
5	1	59	1	1	6	343	4243	70	14	96	disruption,
5	1	59	1	1	7	417	4244	23	10	96	and
2	1	60	0	0	0	501	4249	277	10	-1	
3	1	60	1	0	0	501	4249	277	10	-1	
4	1	60	1	1	0	501	4249	277	10	-1	
5	1	60	1	1	1	501	4249	52	10	92	life-saving
5	1	60	1	1	2	557	4249	23	8	89	data,
5	1	60	1	1	3	588	4249	67	8	96	Researchers
5	1	60	1	1	4	659	4251	17	6	96	are
5	1	60	1	1	5	680	4251	28	8	96	using
5	1	60	1	1	6	711	4249	10	8	91	Al
5	1	60	1	1	7	726	4249	9	8	96	to
5	1	60	1	1	8	739	4249	39	8	73	decade
2	1	61	0	0	0	893	4253	47	9	-1	
3	1	61	1	0	0	893	4253	47	9	-1	
4	1	61	1	1	0	893	4253	47	9	-1	
5	1	61	1	1	1	893	4253	47	9	20	—
2	1	62	0	0	0	171	4264	175	13	-1	
3	1	62	1	0	0	171	4264	175	13	-1	
4	1	62	1	1	0	171	4264	175	13	-1	
5	1	62	1	1	1	171	4264	36	13	95	hopes
5	1	62	1	1	2	211	4265	12	9	93	to
5	1	62	1	1	3	227	4264	25	10	93	lead
5	1	62	1	1	4	257	4264	14	11	93	by
5	1	62	1	1	5	275	4264	55	13	87	example.
5	1	62	1	1	6	336	4265	10	9	87	@
2	1	63	0	0	0	501	4263	5	8	-1	
3	1	63	1	0	0	501	4263	5	8	-1	
4	1	63	1	1	0	501	4263	5	8	-1	
5	1	63	1	1	1	501	4263	5	8	83	it
2	1	64	0	0	0	961	4281	10	4	-1	
3	1	64	1	0	0	961	4281	10	4	-1	
4	1	64	1	1	0	961	4281	10	4	-1	
5	1	64	1	1	1	961	4281	10	4	34	if
2	1	65	0	0	0	989	4272	75	13	-1	
3	1	65	1	0	0	989	4272	75	13	-1	
4	1	65	1	1	0	989	4272	75	13	-1	
5	1	65	1	1	1	989	4272	30	13	33	iant
5	1	65	1	1	2	1024	4272	40	13	95	mind:
2	1	66	0	0	0	958	4295	32	13	-1	
3	1	66	1	0	0	958	4295	32	13	-1	
4	1	66	1	1	0	958	4295	32	13	-1	
5	1	66	1	1	1	958	4295	32	13	0	Cle
2	1	67	0	0	0	999	4295	94	15	-1	
3	1	67	1	0	0	999	4295	94	15	-1	
4	1	67	1	1	0	999	4295	94	15	-1	
5	1	67	1	1	1	999	4295	57	13	9	CRU
5	1	67	1	1	2	1064	4299	29	11	26	Us]
2	1	68	0	0	0	171	4310	280	18	-1	
3	1	68	1	0	0	171	4310	280	18	-1	
4	1	68	1	1	0	171	4310	280	18	-1	
5	1	68	1	1	1	171	4310	49	14	96	Elliott
5	1	68	1	1	2	225	4310	63	14	96	Reaches
5	1	68	1	1	3	293	4310	43	14	96	Truce
5	1	68	1	1	4	341	4311	15	13	96	in
5	1	68	1	1	5	361	4310	39	18	94	Long
5	1	68	1	1	6	405	4310	46	14	94	Battle
2	1	69	0	0	0	957	4318	49	13	-1	
3	1	69	1	0	0	957	4318	49	13	-1	
4	1	69	1	1	0	957	4318	49	13	-1	
5	1	69	1	1	1	957	4318	18	13	5	felt
2	1	70	0	0	0	170	4332	172	18	-1	
3	1	70	1	0	0	170	4332	172	18	-1	
4	1	70	1	1	0	170	4332	172	18	-1	
5	1	70	1	1	1	170	4332	37	14	95	Over
5	1	70	1	1	2	212	4332	41	18	96	Hong
5	1	70	1	1	3	258	4332	41	18	96	Kong
5	1	70	1	1	4	303	4332	39	14	96	Bank
2	1	71	0	0	0	171	4361	175	11	-1	
3	1	71	1	0	0	171	4361	175	11	-1	
4	1	71	1	1	0	171	4361	175	11	-1	
5	1	71	1	1	1	171	4361	22	11	96	The
5	1	71	1	1	2	198	4362	31	10	96	Bank
5	1	71	1	1	3	232	4362	12	10	96	of
5	1	71	1	1	4	248	4362	27	10	96	East
5	1	71	1	1	5	279	4362	27	10	81	Asia
5	1	71	1	1	6	310	4362	36	10	81	called
2	1	72	0	0	0	171	4381	172	14	-1	
3	1	72	1	0	0	171	4381	172	14	-1	
4	1	72	1	1	0	171	4381	172	14	-1	
5	1	72	1	1	1	171	4385	6	7	77	a
5	1	72	1	1	2	181	4383	32	9	77	truce
5	1	72	1	1	3	217	4383	23	9	86	toa
5	1	72	1	1	4	244	4382	27	13	86	long
5	1	72	1	1	5	275	4381	35	11	89	battle
5	1	72	1	1	6	315	4382	28	10	96	with
2	1	73	0	0	0	856	4395	38	8	-1	
3	1	73	1	0	0	856	4395	38	8	-1	
4	1	73	1	1	0	856	4395	38	8	-1	
5	1	73	1	1	1	856	4395	38	8	17	ye)
2	1	74	0	0	0	171	4401	122	14	-1	
3	1	74	1	0	0	171	4401	122	14	-1	
4	1	74	1	1	0	171	4401	122	14	-1	
5	1	74	1	1	1	171	4401	19	11	94	the
5	1	74	1	1	2	194	4402	23	10	94	U.S.
5	1	74	1	1	3	221	4401	72	14	96	hedge-fund
2	1	75	0	0	0	490	4378	288	33	-1	
3	1	75	1	0	0	490	4378	288	33	-1	
4	1	75	1	1	0	490	4378	288	33	-1	
5	1	75	1	1	1	490	4378	51	14	78	Newell
5	1	75	1	1	2	546	4378	54	14	59	Brands
5	1	75	1	1	3	605	4378	13	14	59	Is
5	1	75	1	1	4	623	4378	95	18	49	investigated
5	1	75	1	1	5	722	4378	18	18	89	by
5	1	75	1	1	6	746	4378	32	33	95	SEC
2	1	76	0	0	0	491	4408	116	10	-1	
3	1	76	1	0	0	491	4408	116	10	-1	
4	1	76	1	1	0	491	4408	116	10	-1	
5	1	76	1	1	1	491	4408	23	10	96	The
5	1	76	1	1	2	518	4408	62	10	96	Securities
5	1	76	1	1	3	585	4408	22	10	96	and
2	1	77	0	0	0	171	4421	178	14	-1	
3	1	77	1	0	0	171	4421	178	14	-1	
4	1	77	1	1	0	171	4421	178	14	-1	
5	1	77	1	1	1	171	4425	57	9	95	manager,
5	1	77	1	1	2	232	4425	41	10	96	saying
5	1	77	1	1	3	277	4423	8	9	96	it
5	1	77	1	1	4	290	4421	22	11	96	had
5	1	77	1	1	5	316	4421	33	11	94	hired
2	1	78	0	0	0	491	4427	155	13	-1	
3	1	78	1	0	0	491	4427	155	13	-1	
4	1	78	1	1	0	491	4427	155	13	-1	
5	1	78	1	1	1	491	4427	59	13	96	Exchange
5	1	78	1	1	2	555	4428	77	10	95	Commission
5	1	78	1	1	3	636	4431	10	7	63	is
2	1	79	0	0	0	701	4408	75	28	-1	
3	1	79	1	0	0	701	4408	75	28	-1	
4	1	79	1	1	0	701	4408	75	28	-1	
5	1	79	1	1	1	701	4408	75	28	26	ee
2	1	80	0	0	0	171	4441	95	14	-1	
3	1	80	1	0	0	171	4441	95	14	-1	
4	1	80	1	1	0	171	4441	95	14	-1	
5	1	80	1	1	1	171	4442	49	10	96	bankers
5	1	80	1	1	2	224	4443	12	9	92	to
5	1	80	1	1	3	240	4441	26	14	93	help
2	1	81	0	0	0	284	4445	26	7	-1	
3	1	81	1	0	0	284	4445	26	7	-1	
4	1	81	1	1	0	284	4445	26	7	-1	
5	1	81	1	1	1	284	4445	26	7	33	‘sess
2	1	82	0	0	0	171	4461	252	11	-1	
3	1	82	1	0	0	171	4461	252	11	-1	
4	1	82	1	1	0	171	4461	252	11	-1	
5	1	82	1	1	1	171	4462	52	10	96	whether
5	1	82	1	1	2	227	4463	8	9	96	it
5	1	82	1	1	3	240	4461	33	11	96	could
5	1	82	1	1	4	278	4461	20	11	92	sell
5	1	82	1	1	5	302	4463	38	9	92	assets
5	1	82	1	1	6	344	4465	13	7	96	or
5	1	82	1	1	7	361	4461	62	11	95	otherwise
2	1	83	0	0	0	491	4448	144	13	-1	
3	1	83	1	0	0	491	4448	144	13	-1	
4	1	83	1	1	0	491	4448	144	13	-1	
5	1	83	1	1	1	491	4449	83	12	96	investigating
5	1	83	1	1	2	577	4448	31	10	93	sales
5	1	83	1	1	3	612	4448	23	10	93	and
2	1	84	0	0	0	491	4469	146	12	-1	
3	1	84	1	0	0	491	4469	146	12	-1	
4	1	84	1	1	0	491	4469	146	12	-1	
5	1	84	1	1	1	491	4469	69	12	94	accounting
5	1	84	1	1	2	564	4469	58	12	96	practices
5	1	84	1	1	3	626	4469	11	9	96	at
2	1	85	0	0	0	171	4481	132	14	-1	
3	1	85	1	0	0	171	4481	132	14	-1	
4	1	85	1	1	0	171	4481	132	14	-1	
5	1	85	1	1	1	171	4485	51	10	96	improve
5	1	85	1	1	2	227	4483	14	9	96	its
5	1	85	1	1	3	246	4481	57	11	89	business.
2	1	86	0	0	0	491	4488	117	12	-1	
3	1	86	1	0	0	491	4488	117	12	-1	
4	1	86	1	1	0	491	4488	117	12	-1	
5	1	86	1	1	1	491	4488	42	10	96	Newell
5	1	86	1	1	2	537	4488	47	12	95	Brands,
5	1	86	1	1	3	589	4488	19	10	96	the
2	1	87	0	0	0	491	4508	192	13	-1	
3	1	87	1	0	0	491	4508	192	13	-1	
4	1	87	1	1	0	491	4508	192	13	-1	
5	1	87	1	1	1	491	4508	123	13	92	consumer-products
5	1	87	1	1	2	618	4509	32	11	96	giant
5	1	87	1	1	3	655	4508	28	10	95	said.
2	1	88	0	0	0	171	4568	25	13	-1	
3	1	88	1	0	0	171	4568	25	13	-1	
4	1	88	1	1	0	171	4568	25	13	-1	
5	1	88	1	1	1	171	4568	25	13	90	US.
2	1	89	0	0	0	195	4601	20	8	-1	
3	1	89	1	0	0	195	4601	20	8	-1	
4	1	89	1	1	0	195	4601	20	8	-1	
5	1	89	1	1	1	195	4601	20	8	34	=
2	1	90	0	0	0	219	4618	15	7	-1	
3	1	90	1	0	0	219	4618	15	7	-1	
4	1	90	1	1	0	219	4618	15	7	-1	
5	1	90	1	1	1	219	4618	15	7	0	~~
2	1	91	0	0	0	375	4616	8	6	-1	
3	1	91	1	0	0	375	4616	8	6	-1	
4	1	91	1	1	0	375	4616	8	6	-1	
5	1	91	1	1	1	375	4616	8	6	0	/
2	1	92	0	0	0	563	4622	37	17	-1	
3	1	92	1	0	0	563	4622	37	17	-1	
4	1	92	1	1	0	563	4622	37	17	-1	
5	1	92	1	1	1	563	4622	37	17	26	Lod
2	1	93	0	0	0	636	4621	26	16	-1	
3	1	93	1	0	0	636	4621	26	16	-1	
4	1	93	1	1	0	636	4621	26	16	-1	
5	1	93	1	1	1	636	4621	26	16	11	Pad
2	1	94	0	0	0	178	4633	63	12	-1	
3	1	94	1	0	0	178	4633	63	12	-1	
4	1	94	1	1	0	178	4633	63	12	-1	
5	1	94	1	1	1	178	4633	63	12	18	a
2	1	95	0	0	0	563	4645	43	18	-1	
3	1	95	1	0	0	563	4645	43	18	-1	
4	1	95	1	1	0	563	4645	43	18	-1	
5	1	95	1	1	1	563	4641	12	32	9	Ri
2	1	96	0	0	0	636	4644	24	14	-1	
3	1	96	1	0	0	636	4644	24	14	-1	
4	1	96	1	1	0	636	4644	24	14	-1	
5	1	96	1	1	1	636	4644	24	14	19	ld
2	1	97	0	0	0	749	4646	22	10	-1	
3	1	97	1	0	0	749	4646	22	10	-1	
4	1	97	1	1	0	749	4646	22	10	-1	
5	1	97	1	1	1	749	4646	22	10	5	ee
2	1	98	0	0	0	427	4672	17	16	-1	
3	1	98	1	0	0	427	4672	17	16	-1	
4	1	98	1	1	0	427	4672	17	16	-1	
5	1	98	1	1	1	427	4672	17	16	6	a
2	1	99	0	0	0	566	4667	24	14	-1	
3	1	99	1	0	0	566	4667	24	14	-1	
4	1	99	1	1	0	566	4667	24	14	-1	
5	1	99	1	1	1	566	4667	24	14	41	ie]
2	1	100	0	0	0	368	4673	33	23	-1	
3	1	100	1	0	0	368	4673	33	23	-1	
4	1	100	1	1	0	368	4673	33	23	-1	
5	1	100	1	1	1	368	4673	33	23	0	c
2	1	101	0	0	0	178	4713	14	4	-1	
3	1	101	1	0	0	178	4713	14	4	-1	
4	1	101	1	1	0	178	4713	14	4	-1	
5	1	101	1	1	1	178	4713	14	4	0	he
2	1	102	0	0	0	173	4717	13	3	-1	
3	1	102	1	0	0	173	4717	13	3	-1	
4	1	102	1	1	0	173	4717	13	3	-1	
5	1	102	1	1	1	173	4717	13	3	45	se
2	1	103	0	0	0	182	4725	28	6	-1	
3	1	103	1	0	0	182	4725	28	6	-1	
4	1	103	1	1	0	182	4725	28	6	-1	
5	1	103	1	1	1	182	4725	28	6	11	S77
2	1	104	0	0	0	479	4727	18	9	-1	
3	1	104	1	0	0	479	4727	18	9	-1	
4	1	104	1	1	0	479	4727	18	9	-1	
5	1	104	1	1	1	479	4727	18	9	45	ae
2	1	105	0	0	0	224	4722	40	31	-1	
3	1	105	1	0	0	224	4722	40	31	-1	
4	1	105	1	1	0	224	4722	40	31	-1	
5	1	105	1	1	1	242	4722	22	31	28	|
2	1	106	0	0	0	291	4708	68	46	-1	
3	1	106	1	0	0	291	4708	68	46	-1	
4	1	106	1	1	0	291	4708	68	46	-1	
5	1	106	1	1	1	291	4708	68	46	0	oto
2	1	107	0	0	0	633	4744	76	20	-1	
3	1	107	1	0	0	633	4744	76	20	-1	
4	1	107	1	1	0	633	4744	76	20	-1	
5	1	107	1	1	1	633	4744	76	20	29	ge
2	1	108	0	0	0	249	4780	16	2	-1	
3	1	108	1	0	0	249	4780	16	2	-1	
4	1	108	1	1	0	249	4780	16	2	-1	
5	1	108	1	1	1	249	4780	16	2	10	ry
2	1	109	0	0	0	552	4782	32	13	-1	
3	1	109	1	0	0	552	4782	32	13	-1	
4	1	109	1	1	0	552	4782	32	13	-1	
5	1	109	1	1	1	552	4782	32	13	9	a3
2	1	110	0	0	0	276	4815	6	5	-1	
3	1	110	1	0	0	276	4815	6	5	-1	
4	1	110	1	1	0	276	4815	6	5	-1	
5	1	110	1	1	1	276	4815	6	5	62	2
2	1	111	0	0	0	437	4806	34	9	-1	
3	1	111	1	0	0	437	4806	34	9	-1	
4	1	111	1	1	0	437	4806	34	9	-1	
5	1	111	1	1	1	437	4806	34	9	61	ba
2	1	112	0	0	0	587	4810	39	10	-1	
3	1	112	1	0	0	587	4810	39	10	-1	
4	1	112	1	1	0	587	4810	39	10	-1	
5	1	112	1	1	1	587	4810	39	10	42	Ss
2	1	113	0	0	0	287	4797	73	36	-1	
3	1	113	1	0	0	287	4797	73	36	-1	
4	1	113	1	1	0	287	4797	73	36	-1	
5	1	113	1	1	1	287	4797	73	36	12	i.
2	1	114	0	0	0	368	4798	42	26	-1	
3	1	114	1	0	0	368	4798	42	26	-1	
4	1	114	1	1	0	368	4798	42	26	-1	
5	1	114	1	1	1	368	4798	42	26	45	a
2	1	115	0	0	0	180	4830	74	20	-1	
3	1	115	1	0	0	180	4830	74	20	-1	
4	1	115	1	1	0	180	4830	74	20	-1	
5	1	115	1	1	1	202	4837	52	13	21	peel
2	1	116	0	0	0	208	4851	22	6	-1	
3	1	116	1	0	0	208	4851	22	6	-1	
4	1	116	1	1	0	208	4851	22	6	-1	
5	1	116	1	1	1	208	4851	22	6	49	are
2	1	117	0	0	0	633	4855	27	5	-1	
3	1	117	1	0	0	633	4855	27	5	-1	
4	1	117	1	1	0	633	4855	27	5	-1	
5	1	117	1	1	1	633	4855	27	5	48	=
2	1	118	0	0	0	526	4863	100	17	-1	
3	1	118	1	0	0	526	4863	100	17	-1	
4	1	118	1	1	0	526	4863	100	17	-1	
5	1	118	1	1	1	519	4849	18	35	18	Sa
5	1	118	1	1	2	587	4863	39	14	32	Se
2	1	119	0	0	0	740	4872	29	5	-1	
3	1	119	1	0	0	740	4872	29	5	-1	
4	1	119	1	1	0	740	4872	29	5	-1	
5	1	119	1	1	1	740	4872	29	5	22	as
2	1	120	0	0	0	182	4891	28	10	-1	
3	1	120	1	0	0	182	4891	28	10	-1	
4	1	120	1	1	0	182	4891	28	10	-1	
5	1	120	1	1	1	182	4891	28	10	34	ra
2	1	121	0	0	0	222	4887	47	6	-1	
3	1	121	1	0	0	222	4887	47	6	-1	
4	1	121	1	1	0	222	4887	47	6	-1	
5	1	121	1	1	1	222	4887	47	6	26	aT
2	1	122	0	0	0	288	4891	70	19	-1	
3	1	122	1	0	0	288	4891	70	19	-1	
4	1	122	1	1	0	288	4891	70	19	-1	
5	1	122	1	1	1	288	4903	8	7	2	=
2	1	123	0	0	0	455	4913	34	10	-1	
3	1	123	1	0	0	455	4913	34	10	-1	
4	1	123	1	1	0	455	4913	34	10	-1	
5	1	123	1	1	1	455	4913	34	10	19	—
2	1	124	0	0	0	704	4914	67	8	-1	
3	1	124	1	0	0	704	4914	67	8	-1	
4	1	124	1	1	0	704	4914	67	8	-1	
5	1	124	1	1	1	704	4914	67	8	29	SS
2	1	125	0	0	0	499	4941	34	5	-1	
3	1	125	1	0	0	499	4941	34	5	-1	
4	1	125	1	1	0	499	4941	34	5	-1	
5	1	125	1	1	1	499	4941	34	5	9	——
2	1	126	0	0	0	611	4938	32	8	-1	
3	1	126	1	0	0	611	4938	32	8	-1	
4	1	126	1	1	0	611	4938	32	8	-1	
5	1	126	1	1	1	611	4938	32	8	51	=>
2	1	127	0	0	0	492	4956	29	9	-1	
3	1	127	1	0	0	492	4956	29	9	-1	
4	1	127	1	1	0	492	4956	29	9	-1	
5	1	127	1	1	1	492	4946	17	28	43	ein
5	1	127	1	1	2	511	4946	10	28	24	Py
2	1	128	0	0	0	171	4956	294	11	-1	
3	1	128	1	0	0	171	4956	294	11	-1	
4	1	128	1	1	0	171	4956	294	11	-1	
5	1	128	1	1	1	171	4956	114	9	88	Nineteen
5	1	128	1	1	2	220	4946	15	28	96	of
5	1	128	1	1	3	239	4946	17	28	96	the
5	1	128	1	1	4	255	4956	43	9	95	deaths,
5	1	128	1	1	5	308	4956	28	9	92	including
5	1	128	1	1	6	356	4946	25	28	96	some
5	1	128	1	1	7	386	4959	49	6	95	children,
5	1	128	1	1	8	442	4956	23	9	69	took
2	1	129	0	0	0	535	4956	206	11	-1	
3	1	129	1	0	0	535	4956	206	11	-1	
4	1	129	1	1	0	535	4956	206	11	-1	
5	1	129	1	1	1	535	4958	23	7	87	nam
5	1	129	1	1	2	562	4956	40	11	95	County,
5	1	129	1	1	3	608	4956	41	11	82	roughly
5	1	129	1	1	4	653	4956	13	9	93	80
5	1	129	1	1	5	671	4947	22	28	89	miles
5	1	129	1	1	6	699	4958	22	7	89	east
5	1	129	1	1	7	727	4956	14	9	96	of
2	1	130	0	0	0	171	4974	253	11	-1	
3	1	130	1	0	0	171	4974	253	11	-1	
4	1	130	1	1	0	171	4974	253	11	-1	
5	1	130	1	1	1	171	4974	51	9	63	Nashville,
5	1	130	1	1	2	228	4974	32	9	83	Photo:
5	1	130	1	1	3	267	4974	28	9	92	Mark
5	1	130	1	1	4	299	4974	125	9	87	Humphrey/Associated
2	1	131	0	0	0	441	4976	17	7	-1	
3	1	131	1	0	0	441	4976	17	7	-1	
4	1	131	1	1	0	441	4976	17	7	-1	
5	1	131	1	1	1	441	4976	17	7	49	295
2	1	132	0	0	0	171	5004	459	22	-1	
3	1	132	1	0	0	171	5004	459	22	-1	
4	1	132	1	1	0	171	5004	459	22	-1	
5	1	132	1	1	1	171	5004	120	21	96	Tornadoes
5	1	132	1	1	2	298	5004	44	21	96	Kill
5	1	132	1	1	3	349	5007	23	19	96	at
5	1	132	1	1	4	379	5004	63	22	96	Least
5	1	132	1	1	5	450	5004	27	22	96	25
5	1	132	1	1	6	485	5005	22	20	96	in
5	1	132	1	1	7	514	5004	116	21	96	Tennessee
2	1	133	0	0	0	171	5040	578	14	-1	
3	1	133	1	0	0	171	5040	578	14	-1	
4	1	133	1	1	0	171	5040	578	14	-1	
5	1	133	1	1	1	171	5041	66	10	96	Tornadoes
5	1	133	1	1	2	241	5041	41	13	93	ripped
5	1	133	1	1	3	286	5041	50	13	96	through
5	1	133	1	1	4	340	5041	69	12	92	Tennessee,
5	1	133	1	1	5	413	5040	39	14	95	killing
5	1	133	1	1	6	457	5042	11	9	96	at
5	1	133	1	1	7	472	5041	29	10	96	least
5	1	133	1	1	8	506	5041	14	10	95	25
5	1	133	1	1	9	524	5040	41	14	95	people
5	1	133	1	1	10	569	5044	13	7	94	as
5	1	133	1	1	11	586	5041	19	10	94	the
5	1	133	1	1	12	609	5042	52	9	94	twisters
5	1	133	1	1	13	665	5041	42	10	58	carved
5	1	133	1	1	14	711	5044	6	7	58	a
5	1	133	1	1	15	721	5040	28	14	95	path
2	1	134	0	0	0	171	5060	612	14	-1	
3	1	134	1	0	0	171	5060	612	14	-1	
4	1	134	1	1	0	171	5060	612	14	-1	
5	1	134	1	1	1	171	5061	50	12	96	through
5	1	134	1	1	2	225	5064	38	7	96	scenic
5	1	134	1	1	3	268	5062	60	9	96	mountain
5	1	134	1	1	4	332	5062	82	9	96	communities
5	1	134	1	1	5	418	5060	23	11	96	and
5	1	134	1	1	6	445	5061	34	10	95	razed
5	1	134	1	1	7	483	5064	43	7	95	venues
5	1	134	1	1	8	531	5064	11	7	82	in
5	1	134	1	1	9	546	5064	7	7	82	a
5	1	134	1	1	10	556	5060	42	13	95	trendy
5	1	134	1	1	11	602	5060	57	11	96	Nashville
5	1	134	1	1	12	664	5060	91	14	92	neighborhood.
5	1	134	1	1	13	760	5062	11	9	69	@
5	1	134	1	1	14	776	5063	7	6	89	21
2	1	135	0	0	0	170	5088	253	11	-1	
3	1	135	1	0	0	170	5088	253	11	-1	
4	1	135	1	1	0	170	5088	253	11	-1	
5	1	135	1	1	1	170	5090	13	9	46	©
5	1	135	1	1	2	190	5089	54	10	96	Extreme
5	1	135	1	1	3	248	5088	55	11	96	Weather
5	1	135	1	1	4	306	5089	46	10	96	Batters
5	1	135	1	1	5	356	5089	67	10	93	Tennessee
2	1	136	0	0	0	170	5142	54	13	-1	
3	1	136	1	0	0	170	5142	54	13	-1	
4	1	136	1	1	0	170	5142	54	13	-1	
5	1	136	1	1	1	170	5142	54	13	89	WORLD
2	1	137	0	0	0	773	5140	9	16	-1	
3	1	137	1	0	0	773	5140	9	16	-1	
4	1	137	1	1	0	773	5140	9	16	-1	
5	1	137	1	1	1	773	5140	9	16	96	>
2	1	138	0	0	0	170	5175	219	18	-1	
3	1	138	1	0	0	170	5175	219	18	-1	
4	1	138	1	1	0	170	5175	219	18	-1	
5	1	138	1	1	1	170	5175	58	14	96	Vatican
5	1	138	1	1	2	233	5175	38	14	94	Tries
5	1	138	1	1	3	276	5177	15	12	93	to
5	1	138	1	1	4	296	5175	43	18	90	Tamp
5	1	138	1	1	5	344	5175	45	14	96	Down
2	1	139	0	0	0	491	5175	287	18	-1	
3	1	139	1	0	0	491	5175	287	18	-1	
4	1	139	1	1	0	491	5175	287	18	-1	
5	1	139	1	1	1	491	5175	43	14	89	Iran’s
5	1	139	1	1	2	540	5175	72	18	89	Stockpile
5	1	139	1	1	3	617	5175	16	14	96	of
5	1	139	1	1	4	636	5175	70	14	96	Enriched
5	1	139	1	1	5	711	5175	67	14	96	Uranium
2	1	140	0	0	0	170	5197	211	18	-1	
3	1	140	1	0	0	170	5197	211	18	-1	
4	1	140	1	1	0	170	5197	211	18	-1	
5	1	140	1	1	1	170	5197	77	17	95	Questions
5	1	140	1	1	2	252	5202	19	9	93	on
5	1	140	1	1	3	276	5197	49	18	93	Pope’s
5	1	140	1	1	4	330	5197	51	14	96	Health
2	1	141	0	0	0	491	5197	184	18	-1	
3	1	141	1	0	0	491	5197	184	18	-1	
4	1	141	1	1	0	491	5197	184	18	-1	
5	1	141	1	1	1	491	5197	45	17	96	Rises,
5	1	141	1	1	2	542	5197	33	14	95	U.N.
5	1	141	1	1	3	580	5197	56	18	95	Agency
5	1	141	1	1	4	641	5197	34	18	96	Says
2	1	142	0	0	0	171	5226	148	14	-1	
3	1	142	1	0	0	171	5226	148	14	-1	
4	1	142	1	1	0	171	5226	148	14	-1	
5	1	142	1	1	1	171	5226	22	11	96	The
5	1	142	1	1	2	197	5227	48	10	96	Vatican
5	1	142	1	1	3	249	5230	15	7	96	on
5	1	142	1	1	4	268	5227	51	13	96	Tuesday
2	1	143	0	0	0	491	5227	177	13	-1	
3	1	143	1	0	0	491	5227	177	13	-1	
4	1	143	1	1	0	491	5227	177	13	-1	
5	1	143	1	1	1	491	5227	48	13	96	Experts
5	1	143	1	1	2	543	5227	22	10	96	and
5	1	143	1	1	3	570	5227	62	13	96	diplomats
5	1	143	1	1	4	636	5230	32	7	96	warn
2	1	144	0	0	0	171	5246	162	14	-1	
3	1	144	1	0	0	171	5246	162	14	-1	
4	1	144	1	1	0	171	5246	162	14	-1	
5	1	144	1	1	1	171	5247	42	13	96	sought
5	1	144	1	1	2	217	5248	12	9	86	to
5	1	144	1	1	3	233	5247	23	10	86	end
5	1	144	1	1	4	260	5246	73	14	92	speculation
2	1	145	0	0	0	406	5247	34	16	-1	
3	1	145	1	0	0	406	5247	34	16	-1	
4	1	145	1	1	0	406	5247	34	16	-1	
5	1	145	1	1	1	406	5247	34	16	2	zy
2	1	146	0	0	0	491	5246	172	11	-1	
3	1	146	1	0	0	491	5246	172	11	-1	
4	1	146	1	1	0	491	5246	172	11	-1	
5	1	146	1	1	1	491	5246	25	11	96	that
5	1	146	1	1	2	520	5247	44	10	96	Tehran
5	1	146	1	1	3	568	5246	21	11	96	has
5	1	146	1	1	4	593	5246	47	11	96	slashed
5	1	146	1	1	5	644	5247	19	10	96	the
2	1	147	0	0	0	491	5266	174	11	-1	
3	1	147	1	0	0	491	5266	174	11	-1	
4	1	147	1	1	0	491	5266	174	11	-1	
5	1	147	1	1	1	491	5268	28	9	92	time
5	1	147	1	1	2	523	5268	8	9	96	it
5	1	147	1	1	3	535	5267	38	10	96	would
5	1	147	1	1	4	578	5266	29	11	95	need
5	1	147	1	1	5	611	5268	12	9	89	to
5	1	147	1	1	6	627	5270	38	7	89	amass
2	1	148	0	0	0	171	5267	150	13	-1	
3	1	148	1	0	0	171	5267	150	13	-1	
4	1	148	1	1	0	171	5267	150	13	-1	
5	1	148	1	1	1	171	5267	25	10	96	that
5	1	148	1	1	2	200	5267	30	13	96	Pope
5	1	148	1	1	3	234	5267	46	10	96	Francis
5	1	148	1	1	4	284	5267	37	13	96	might
2	1	149	0	0	0	379	5253	25	28	-1	
3	1	149	1	0	0	379	5253	25	28	-1	
4	1	149	1	1	0	379	5253	25	28	-1	
5	1	149	1	1	1	379	5253	25	28	0	ri)
2	1	150	0	0	0	426	5265	18	14	-1	
3	1	150	1	0	0	426	5265	18	14	-1	
4	1	150	1	1	0	426	5265	18	14	-1	
5	1	150	1	1	1	426	5265	18	14	38	eS
2	1	151	0	0	0	171	5287	124	10	-1	
3	1	151	1	0	0	171	5287	124	10	-1	
4	1	151	1	1	0	171	5287	124	10	-1	
5	1	151	1	1	1	171	5287	28	10	96	have
5	1	151	1	1	2	203	5287	68	10	96	contracted
5	1	151	1	1	3	275	5287	20	10	96	the
2	1	152	0	0	0	491	5286	156	13	-1	
3	1	152	1	0	0	491	5286	156	13	-1	
4	1	152	1	1	0	491	5286	156	13	-1	
5	1	152	1	1	1	491	5287	46	12	96	enough
5	1	152	1	1	2	541	5286	23	11	95	fuel
5	1	152	1	1	3	568	5287	18	10	84	for
5	1	152	1	1	4	590	5290	6	7	80	a
5	1	152	1	1	5	600	5286	47	11	80	nuclear
2	1	153	0	0	0	171	5306	141	14	-1	
3	1	153	1	0	0	171	5306	141	14	-1	
4	1	153	1	1	0	171	5306	141	14	-1	
5	1	153	1	1	1	171	5310	78	7	94	coronavirus,
5	1	153	1	1	2	253	5306	59	14	96	following
2	1	154	0	0	0	491	5308	84	12	-1	
3	1	154	1	0	0	491	5308	84	12	-1	
4	1	154	1	1	0	491	5308	84	12	-1	
5	1	154	1	1	1	491	5310	52	10	91	weapon,
5	1	154	1	1	2	549	5308	9	9	90	@
5	1	154	1	1	3	567	5309	8	4	79	151
2	1	155	0	0	0	171	5326	261	14	-1	
3	1	155	1	0	0	171	5326	261	14	-1	
4	1	155	1	1	0	171	5326	261	14	-1	
5	1	155	1	1	1	171	5327	39	13	96	nearly
5	1	155	1	1	2	214	5330	6	7	96	a
5	1	155	1	1	3	224	5326	32	11	94	week
5	1	155	1	1	4	260	5327	11	10	95	of
5	1	155	1	1	5	276	5330	50	7	96	concern
5	1	155	1	1	6	330	5327	35	10	96	about
5	1	155	1	1	7	369	5327	20	10	93	the
5	1	155	1	1	8	393	5327	39	13	86	pope’s
2	1	156	0	0	0	171	5346	265	14	-1	
3	1	156	1	0	0	171	5346	265	14	-1	
4	1	156	1	1	0	171	5346	265	14	-1	
5	1	156	1	1	1	171	5346	39	11	96	health
5	1	156	1	1	2	214	5347	31	10	95	amid
5	1	156	1	1	3	249	5347	19	10	93	the
5	1	156	1	1	4	273	5346	66	14	92	epidemic’s
5	1	156	1	1	5	343	5347	43	13	95	spread
5	1	156	1	1	6	390	5350	11	7	96	in
5	1	156	1	1	7	405	5346	31	11	96	Italy.
2	1	157	0	0	0	171	5407	83	13	-1	
3	1	157	1	0	0	171	5407	83	13	-1	
4	1	157	1	1	0	171	5407	83	13	-1	
5	1	157	1	1	1	171	5407	29	13	92	LIFE
5	1	157	1	1	2	204	5407	9	13	92	&
5	1	157	1	1	3	217	5407	37	13	66	ARTS
2	1	158	0	0	0	272	5581	37	15	-1	
3	1	158	1	0	0	272	5581	37	15	-1	
4	1	158	1	1	0	272	5581	37	15	-1	
5	1	158	1	1	1	272	5581	37	15	47	ae
2	1	159	0	0	0	557	5641	41	18	-1	
3	1	159	1	0	0	557	5641	41	18	-1	
4	1	159	1	1	0	557	5641	41	18	-1	
5	1	159	1	1	1	557	5641	41	18	0	*
2	1	160	0	0	0	268	5650	91	29	-1	
3	1	160	1	0	0	268	5650	91	29	-1	
4	1	160	1	1	0	268	5650	91	29	-1	
5	1	160	1	1	1	268	5650	91	29	10	eS
2	1	161	0	0	0	536	5686	118	63	-1	
3	1	161	1	0	0	536	5686	118	63	-1	
4	1	161	1	1	0	536	5686	118	63	-1	
5	1	161	1	1	1	536	5686	118	63	25	.~<z
2	1	162	0	0	0	541	5814	3	4	-1	
3	1	162	1	0	0	541	5814	3	4	-1	
4	1	162	1	1	0	541	5814	3	4	-1	
5	1	162	1	1	1	541	5814	3	4	0	‘
2	1	163	0	0	0	369	5785	41	41	-1	
3	1	163	1	0	0	369	5785	41	41	-1	
4	1	163	1	1	0	369	5785	41	41	-1	
5	1	163	1	1	1	369	5785	41	41	0	Ci)
2	1	164	0	0	0	502	5819	86	30	-1	
3	1	164	1	0	0	502	5819	86	30	-1	
4	1	164	1	1	0	502	5819	86	30	-1	
5	1	164	1	1	1	502	5819	50	30	73	Gel
5	1	164	1	1	2	570	5821	18	28	33	A
2	1	165	0	0	0	476	5864	50	21	-1	
3	1	165	1	0	0	476	5864	50	21	-1	
4	1	165	1	1	0	476	5864	50	21	-1	
5	1	165	1	1	1	476	5864	50	21	64	‘amil
2	1	166	0	0	0	170	5837	308	59	-1	
3	1	166	1	0	0	170	5837	308	59	-1	
4	1	166	1	1	0	170	5837	308	59	-1	
5	1	166	1	1	1	170	5864	55	27	96	Why
5	1	166	1	1	2	232	5864	75	27	96	People
5	1	166	1	1	3	314	5864	41	21	96	Are
5	1	166	1	1	4	363	5837	92	59	96	Sharing
5	1	166	1	1	5	462	5864	16	21	35	Ki
2	1	167	0	0	0	513	5864	183	27	-1	
3	1	167	1	0	0	513	5864	183	27	-1	
4	1	167	1	1	0	513	5864	183	27	-1	
5	1	167	1	1	1	513	5865	26	26	96	ily
5	1	167	1	1	2	547	5864	84	22	96	Secrets
5	1	167	1	1	3	638	5864	58	22	96	With
2	1	168	0	0	0	172	5894	110	27	-1	
3	1	168	1	0	0	172	5894	110	27	-1	
4	1	168	1	1	0	172	5894	110	27	-1	
5	1	168	1	1	1	172	5894	110	27	96	Strangers
2	1	169	0	0	0	171	5930	590	14	-1	
3	1	169	1	0	0	171	5930	590	14	-1	
4	1	169	1	1	0	171	5930	590	14	-1	
5	1	169	1	1	1	171	5931	41	13	96	People
5	1	169	1	1	2	216	5930	26	11	96	who
5	1	169	1	1	3	246	5934	48	7	96	uncover
5	1	169	1	1	4	300	5930	39	14	96	family
5	1	169	1	1	5	344	5932	44	9	93	secrets
5	1	169	1	1	6	392	5931	28	10	95	with
5	1	169	1	1	7	424	5931	34	10	96	home
5	1	169	1	1	8	462	5931	28	10	96	DNA
5	1	169	1	1	9	494	5932	30	9	96	tests
5	1	169	1	1	10	528	5930	32	11	96	often
5	1	169	1	1	11	564	5930	45	11	96	confide
5	1	169	1	1	12	614	5934	11	7	94	in
5	1	169	1	1	13	629	5931	44	10	94	friends
5	1	169	1	1	14	678	5931	22	10	96	and
5	1	169	1	1	15	704	5931	57	10	93	relatives.
2	1	170	0	0	0	171	5950	449	14	-1	
3	1	170	1	0	0	171	5950	449	14	-1	
4	1	170	1	1	0	171	5950	449	14	-1	
5	1	170	1	1	1	171	5951	33	10	96	Some
5	1	170	1	1	2	209	5951	41	13	96	people
5	1	170	1	1	3	254	5951	25	10	96	also
5	1	170	1	1	4	283	5950	21	11	89	feel
5	1	170	1	1	5	309	5951	64	13	96	compelled
5	1	170	1	1	6	377	5952	12	9	96	to
5	1	170	1	1	7	393	5950	45	14	96	divulge
5	1	170	1	1	8	443	5950	19	11	96	the
5	1	170	1	1	9	467	5951	69	10	96	revelations
5	1	170	1	1	10	541	5954	31	7	96	more
5	1	170	1	1	11	577	5951	43	13	96	widely.
2	1	171	0	0	0	246	6010	11	7	-1	
3	1	171	1	0	0	246	6010	11	7	-1	
4	1	171	1	1	0	246	6010	11	7	-1	
5	1	171	1	1	1	246	6010	11	7	10	ef
2	1	172	0	0	0	245	6017	12	4	-1	
3	1	172	1	0	0	245	6017	12	4	-1	
4	1	172	1	1	0	245	6017	12	4	-1	
5	1	172	1	1	1	245	6017	12	4	29	a
2	1	173	0	0	0	563	5993	125	65	-1	
3	1	173	1	0	0	563	5993	125	65	-1	
4	1	173	1	1	0	563	5993	125	65	-1	
5	1	173	1	1	1	563	5993	125	65	56	AA
2	1	174	0	0	0	393	5993	78	76	-1	
3	1	174	1	0	0	393	5993	78	76	-1	
4	1	174	1	1	0	393	5993	78	76	-1	
5	1	174	1	1	1	393	5993	78	76	27	i
2	1	175	0	0	0	698	6051	46	26	-1	
3	1	175	1	0	0	698	6051	46	26	-1	
4	1	175	1	1	0	698	6051	46	26	-1	
5	1	175	1	1	1	698	6051	46	26	29	aS
2	1	176	0	0	0	306	6086	7	7	-1	
3	1	176	1	0	0	306	6086	7	7	-1	
4	1	176	1	1	0	306	6086	7	7	-1	
5	1	176	1	1	1	306	6086	7	7	7	a
2	1	177	0	0	0	312	6091	6	5	-1	
3	1	177	1	0	0	312	6091	6	5	-1	
4	1	177	1	1	0	312	6091	6	5	-1	
5	1	177	1	1	1	312	6091	6	5	42	a
2	1	178	0	0	0	171	6132	41	9	-1	
3	1	178	1	0	0	171	6132	41	9	-1	
4	1	178	1	1	0	171	6132	41	9	-1	
5	1	178	1	1	1	171	6132	15	9	39	MY
5	1	178	1	1	2	185	6122	27	28	39	RIDE
2	1	179	0	0	0	598	6132	74	9	-1	
3	1	179	1	0	0	598	6132	74	9	-1	
4	1	179	1	1	0	598	6132	74	9	-1	
5	1	179	1	1	1	598	6132	36	9	91	FAMILY
5	1	179	1	1	2	637	6132	6	9	73	&
5	1	179	1	1	3	646	6132	26	9	73	TECH
2	1	180	0	0	0	384	6135	172	18	-1	
3	1	180	1	0	0	384	6135	172	18	-1	
4	1	180	1	1	0	384	6135	172	18	-1	
5	1	180	1	1	1	384	6135	29	14	96	The
5	1	180	1	1	2	418	6135	34	14	96	Best
5	1	180	1	1	3	456	6135	46	18	93	Thing
5	1	180	1	1	4	507	6135	49	14	85	That’s
2	1	181	0	0	0	171	6153	187	18	-1	
3	1	181	1	0	0	171	6153	187	18	-1	
4	1	181	1	1	0	171	6153	187	18	-1	
5	1	181	1	1	1	171	6153	38	14	96	Most
5	1	181	1	1	2	214	6153	50	18	96	People
5	1	181	1	1	3	269	6153	50	18	96	Forgot
5	1	181	1	1	4	324	6153	34	14	86	This
2	1	182	0	0	0	384	6157	137	18	-1	
3	1	182	1	0	0	384	6157	137	18	-1	
4	1	182	1	1	0	384	6157	137	18	-1	
5	1	182	1	1	1	384	6157	34	14	96	Ever
5	1	182	1	1	2	423	6157	78	18	95	Happened
5	1	182	1	1	3	506	6159	15	12	96	to
2	1	183	0	0	0	597	6153	147	14	-1	
3	1	183	1	0	0	597	6153	147	14	-1	
4	1	183	1	1	0	597	6153	147	14	-1	
5	1	183	1	1	1	597	6153	58	14	96	Parents
5	1	183	1	1	2	660	6153	43	14	96	Track
5	1	183	1	1	3	708	6153	36	14	96	Teen
2	1	184	0	0	0	170	6175	171	16	-1	
3	1	184	1	0	0	170	6175	171	16	-1	
4	1	184	1	1	0	170	6175	171	16	-1	
5	1	184	1	1	1	170	6175	31	16	96	Car,
5	1	184	1	1	2	207	6175	27	14	96	But
5	1	184	1	1	3	239	6175	21	14	96	He
5	1	184	1	1	4	264	6175	44	14	96	Never
5	1	184	1	1	5	313	6175	28	14	96	Did
2	1	185	0	0	0	384	6179	184	14	-1	
3	1	185	1	0	0	384	6179	184	14	-1	
4	1	185	1	1	0	384	6179	184	14	-1	
5	1	185	1	1	1	384	6179	62	14	96	Roasted
5	1	185	1	1	2	452	6179	45	14	96	Sweet
5	1	185	1	1	3	502	6179	66	14	96	Potatoes
2	1	186	0	0	0	597	6175	186	17	-1	
3	1	186	1	0	0	597	6175	186	17	-1	
4	1	186	1	1	0	597	6175	186	17	-1	
5	1	186	1	1	1	597	6175	56	14	96	Drivers
5	1	186	1	1	2	658	6175	35	17	96	(and
5	1	186	1	1	3	698	6175	85	14	92	Sometimes
2	1	187	0	0	0	597	6196	85	18	-1	
3	1	187	1	0	0	597	6196	85	18	-1	
4	1	187	1	1	0	597	6196	85	18	-1	
5	1	187	1	1	1	597	6197	33	14	93	Vice
5	1	187	1	1	2	635	6196	47	18	95	Versa)
2	1	188	0	0	0	171	6204	174	14	-1	
3	1	188	1	0	0	171	6204	174	14	-1	
4	1	188	1	1	0	171	6204	174	14	-1	
5	1	188	1	1	1	171	6205	16	10	96	He
5	1	188	1	1	2	191	6205	27	13	96	long
5	1	188	1	1	3	222	6204	33	11	96	loved
5	1	188	1	1	4	259	6204	20	11	95	the
5	1	188	1	1	5	283	6205	52	11	72	Pantera,
5	1	188	1	1	6	339	6208	6	7	72	a
2	1	189	0	0	0	384	6208	162	11	-1	
3	1	189	1	0	0	384	6208	162	11	-1	
4	1	189	1	1	0	384	6208	162	11	-1	
5	1	189	1	1	1	384	6209	19	10	93	We
5	1	189	1	1	2	407	6209	15	10	92	all
5	1	189	1	1	3	426	6209	29	10	92	need
5	1	189	1	1	4	459	6212	33	7	96	some
5	1	189	1	1	5	496	6208	50	11	90	comfort
2	1	190	0	0	0	171	6225	157	10	-1	
3	1	190	1	0	0	171	6225	157	10	-1	
4	1	190	1	1	0	171	6225	157	10	-1	
5	1	190	1	1	1	171	6225	69	10	96	short-lived
5	1	190	1	1	2	244	6225	84	10	96	collaboration
2	1	191	0	0	0	597	6226	128	14	-1	
3	1	191	1	0	0	597	6226	128	14	-1	
4	1	191	1	1	0	597	6226	128	14	-1	
5	1	191	1	1	1	597	6226	30	11	87	Tech
5	1	191	1	1	2	631	6230	67	10	93	companies
5	1	191	1	1	3	702	6227	23	10	93	and
2	1	192	0	0	0	384	6229	162	13	-1	
3	1	192	1	0	0	384	6229	162	13	-1	
4	1	192	1	1	0	384	6229	162	13	-1	
5	1	192	1	1	1	384	6229	31	13	93	right
5	1	192	1	1	2	419	6229	90	13	88	now—perhaps
5	1	192	1	1	3	513	6232	33	7	96	some
2	1	193	0	0	0	171	6244	187	11	-1	
3	1	193	1	0	0	171	6244	187	11	-1	
4	1	193	1	1	0	171	6244	187	11	-1	
5	1	193	1	1	1	171	6245	53	10	96	between
5	1	193	1	1	2	228	6244	28	11	96	Ford
5	1	193	1	1	3	260	6245	23	10	96	and
5	1	193	1	1	4	287	6245	15	10	96	De
5	1	193	1	1	5	306	6245	52	10	96	Tomaso.
2	1	194	0	0	0	384	6248	159	14	-1	
3	1	194	1	0	0	384	6248	159	14	-1	
4	1	194	1	1	0	384	6248	159	14	-1	
5	1	194	1	1	1	384	6249	52	13	95	outright
5	1	194	1	1	2	440	6249	72	13	96	indulgence.
5	1	194	1	1	3	516	6248	27	11	70	This
2	1	195	0	0	0	597	6247	181	13	-1	
3	1	195	1	0	0	597	6247	181	13	-1	
4	1	195	1	1	0	597	6247	181	13	-1	
5	1	195	1	1	1	597	6250	62	7	95	insurance
5	1	195	1	1	2	663	6250	49	7	93	carriers
5	1	195	1	1	3	716	6247	29	10	93	offer
5	1	195	1	1	4	749	6250	29	10	94	apps
2	1	196	0	0	0	171	6264	167	14	-1	
3	1	196	1	0	0	171	6264	167	14	-1	
4	1	196	1	1	0	171	6264	167	14	-1	
5	1	196	1	1	1	171	6265	31	10	96	Then
5	1	196	1	1	2	206	6268	22	7	96	one
5	1	196	1	1	3	232	6265	22	13	96	day
5	1	196	1	1	4	258	6265	14	10	96	he
5	1	196	1	1	5	276	6264	36	11	96	found
5	1	196	1	1	6	316	6268	22	7	96	one
2	1	197	0	0	0	597	6267	180	12	-1	
3	1	197	1	0	0	597	6267	180	12	-1	
4	1	197	1	1	0	597	6267	180	12	-1	
5	1	197	1	1	1	597	6267	25	10	96	that
5	1	197	1	1	2	627	6268	18	9	95	act
5	1	197	1	1	3	649	6270	13	7	90	as
5	1	197	1	1	4	666	6267	59	10	90	back-seat
5	1	197	1	1	5	730	6267	47	12	95	drivers,
2	1	198	0	0	0	384	6269	124	13	-1	
3	1	198	1	0	0	384	6269	124	13	-1	
4	1	198	1	1	0	384	6269	124	13	-1	
5	1	198	1	1	1	384	6272	38	10	96	recipe
5	1	198	1	1	2	426	6269	50	10	96	delivers
5	1	198	1	1	3	480	6269	28	10	90	both.
2	1	199	0	0	0	170	6285	169	13	-1	
3	1	199	1	0	0	170	6285	169	13	-1	
4	1	199	1	1	0	170	6285	169	13	-1	
5	1	199	1	1	1	170	6286	63	12	88	waiting
5	1	199	1	1	2	216	6275	15	30	88	in
5	1	199	1	1	3	238	6285	17	10	89	his
5	1	199	1	1	4	259	6288	45	10	89	garage.
5	1	199	1	1	5	310	6286	10	9	76	@
5	1	199	1	1	6	329	6287	10	8	71	125
2	1	200	0	0	0	597	6286	171	14	-1	
3	1	200	1	0	0	597	6286	171	14	-1	
4	1	200	1	1	0	597	6286	171	14	-1	
5	1	200	1	1	1	597	6287	63	13	95	informing
5	1	200	1	1	2	664	6288	47	12	96	parents
5	1	200	1	1	3	716	6287	26	10	96	how
5	1	200	1	1	4	746	6286	22	11	91	fast
2	1	201	0	0	0	597	6306	186	14	-1	
3	1	201	1	0	0	597	6306	186	14	-1	
4	1	201	1	1	0	597	6306	186	14	-1	
5	1	201	1	1	1	597	6307	31	10	93	their
5	1	201	1	1	2	631	6308	34	9	84	teens
5	1	201	1	1	3	669	6310	19	7	90	are
5	1	201	1	1	4	692	6310	34	10	96	going
5	1	201	1	1	5	730	6306	23	11	88	and
5	1	201	1	1	6	757	6306	26	11	88	how
2	1	202	0	0	0	597	6326	153	14	-1	
3	1	202	1	0	0	597	6326	169	14	-1	
4	1	202	1	1	0	597	6326	153	14	-1	
5	1	202	1	1	1	597	6326	29	11	92	hard
5	1	202	1	1	2	630	6327	27	13	96	they
5	1	202	1	1	3	661	6330	19	7	96	are
5	1	202	1	1	4	684	6326	51	14	78	braking.
5	1	202	1	1	5	741	6328	9	9	84	@
5	1	202	1	1	6	755	6329	11	6	93	49
2	1	203	0	0	0	170	6392	44	13	-1	
3	1	203	1	0	0	170	6392	44	13	-1	
4	1	203	1	1	0	170	6392	44	13	-1	
5	1	203	1	1	1	170	6392	44	13	93	VIDEO
2	1	204	0	0	0	588	6442	9	3	-1	
3	1	204	1	0	0	588	6442	9	3	-1	
4	1	204	1	1	0	588	6442	9	3	-1	
5	1	204	1	1	1	588	6442	9	3	0	e
2	1	205	0	0	0	211	6549	14	12	-1	
3	1	205	1	0	0	211	6549	14	12	-1	
4	1	205	1	1	0	211	6549	14	12	-1	
5	1	205	1	1	1	211	6549	14	12	25	PY
2	1	206	0	0	0	589	6554	9	11	-1	
3	1	206	1	0	0	589	6554	9	11	-1	
4	1	206	1	1	0	589	6554	9	11	-1	
5	1	206	1	1	1	589	6554	9	11	30	I
2	1	207	0	0	0	687	6552	14	6	-1	
3	1	207	1	0	0	687	6552	14	6	-1	
4	1	207	1	1	0	687	6552	14	6	-1	
5	1	207	1	1	1	687	6552	14	6	0	_
2	1	208	0	0	0	607	6556	38	16	-1	
3	1	208	1	0	0	607	6556	38	16	-1	
4	1	208	1	1	0	607	6556	38	16	-1	
5	1	208	1	1	1	607	6556	38	16	0	wt}
2	1	209	0	0	0	671	6566	42	19	-1	
3	1	209	1	0	0	671	6566	42	19	-1	
4	1	209	1	1	0	671	6566	42	19	-1	
5	1	209	1	1	1	671	6566	42	19	14	ee)
2	1	210	0	0	0	218	6566	51	30	-1	
3	1	210	1	0	0	218	6566	51	30	-1	
4	1	210	1	1	0	218	6566	51	30	-1	
5	1	210	1	1	1	218	6566	51	30	27	Cs
2	1	211	0	0	0	596	6588	78	40	-1	
3	1	211	1	0	0	596	6588	78	40	-1	
4	1	211	1	1	0	596	6588	78	40	-1	
5	1	211	1	1	1	596	6588	78	40	0	ein.)
2	1	212	0	0	0	638	6639	22	9	-1	
3	1	212	1	0	0	638	6639	22	9	-1	
4	1	212	1	1	0	638	6639	22	9	-1	
5	1	212	1	1	1	638	6639	22	9	30	~
2	1	213	0	0	0	614	6655	53	15	-1	
3	1	213	1	0	0	614	6655	53	15	-1	
4	1	213	1	1	0	614	6655	53	15	-1	
5	1	213	1	1	1	614	6655	53	15	36	oe!
2	1	214	0	0	0	757	6730	5	5	-1	
3	1	214	1	0	0	757	6730	5	5	-1	
4	1	214	1	1	0	757	6730	5	5	-1	
5	1	214	1	1	1	757	6730	5	5	0	re
2	1	215	0	0	0	409	6792	1	5	-1	
3	1	215	1	0	0	409	6792	1	5	-1	
4	1	215	1	1	0	409	6792	1	5	-1	
5	1	215	1	1	1	409	6792	1	5	0	:
2	1	216	0	0	0	429	6791	8	8	-1	
3	1	216	1	0	0	429	6791	8	8	-1	
4	1	216	1	1	0	429	6791	8	8	-1	
5	1	216	1	1	1	429	6791	8	8	19	1
2	1	217	0	0	0	506	6794	14	5	-1	
3	1	217	1	0	0	506	6794	14	5	-1	
4	1	217	1	1	0	506	6794	14	5	-1	
5	1	217	1	1	1	506	6794	14	5	53	bai
2	1	218	0	0	0	555	6791	5	6	-1	
3	1	218	1	0	0	555	6791	5	6	-1	
4	1	218	1	1	0	555	6791	5	6	-1	
5	1	218	1	1	1	555	6791	5	6	73	nt
2	1	219	0	0	0	187	6789	167	14	-1	
3	1	219	1	0	0	187	6789	167	14	-1	
4	1	219	1	1	0	187	6789	167	14	-1	
5	1	219	1	1	1	187	6789	35	11	95	Biden
5	1	219	1	1	2	226	6790	47	13	79	Sweeps
5	1	219	1	1	3	277	6789	19	11	96	the
5	1	219	1	1	4	301	6789	36	11	96	South
5	1	219	1	1	5	341	6793	13	7	96	as
2	1	220	0	0	0	187	6807	156	11	-1	
3	1	220	1	0	0	187	6807	156	11	-1	
4	1	220	1	1	0	187	6807	156	11	-1	
5	1	220	1	1	1	187	6807	50	11	96	Sanders
5	1	220	1	1	2	241	6807	36	11	96	Takes
5	1	220	1	1	3	281	6807	62	11	96	California
2	1	221	0	0	0	403	6814	1	3	-1	
3	1	221	1	0	0	403	6814	1	3	-1	
4	1	221	1	1	0	403	6814	1	3	-1	
5	1	221	1	1	1	403	6814	1	3	40	i
2	1	222	0	0	0	457	6809	9	6	-1	
3	1	222	1	0	0	457	6809	9	6	-1	
4	1	222	1	1	0	457	6809	9	6	-1	
5	1	222	1	1	1	457	6809	9	6	90	Ke
2	1	223	0	0	0	480	6810	1	4	-1	
3	1	223	1	0	0	480	6810	1	4	-1	
4	1	223	1	1	0	480	6810	1	4	-1	
5	1	223	1	1	1	480	6810	1	4	47	"
2	1	224	0	0	0	497	6810	1	4	-1	
3	1	224	1	0	0	497	6810	1	4	-1	
4	1	224	1	1	0	497	6810	1	4	-1	
5	1	224	1	1	1	497	6810	1	4	0	,
2	1	225	0	0	0	663	6812	13	5	-1	
3	1	225	1	0	0	663	6812	13	5	-1	
4	1	225	1	1	0	663	6812	13	5	-1	
5	1	225	1	1	1	663	6812	13	5	49	ig
2	1	226	0	0	0	721	6808	13	9	-1	
3	1	226	1	0	0	721	6808	13	9	-1	
4	1	226	1	1	0	721	6808	13	9	-1	
5	1	226	1	1	1	721	6808	13	9	49	lop
2	1	227	0	0	0	187	6827	22	8	-1	
3	1	227	1	0	0	187	6827	22	8	-1	
4	1	227	1	1	0	187	6827	22	8	-1	
5	1	227	1	1	1	187	6827	22	8	74	613
2	1	228	0	0	0	687	6827	22	7	-1	
3	1	228	1	0	0	687	6827	22	7	-1	
4	1	228	1	1	0	687	6827	22	7	-1	
5	1	228	1	1	1	687	6827	1	6	55	t
5	1	228	1	1	2	696	6828	13	6	48	Pu
2	1	229	0	0	0	171	6928	72	13	-1	
3	1	229	1	0	0	171	6928	72	13	-1	
4	1	229	1	1	0	171	6928	72	13	-1	
5	1	229	1	1	1	171	6928	72	13	95	ECONOMY
2	1	230	0	0	0	385	6928	93	13	-1	
3	1	230	1	0	0	385	6928	93	13	-1	
4	1	230	1	1	0	385	6928	93	13	-1	
5	1	230	1	1	1	385	6928	36	13	91	REAL
5	1	230	1	1	2	425	6928	53	13	91	ESTATE
2	1	231	0	0	0	559	6926	9	16	-1	
3	1	231	1	0	0	559	6926	9	16	-1	
4	1	231	1	1	0	559	6926	9	16	-1	
5	1	231	1	1	1	559	6926	9	16	96	>
2	1	232	0	0	0	598	6928	56	13	-1	
3	1	232	1	0	0	598	6928	56	13	-1	
4	1	232	1	1	0	598	6928	56	13	-1	
5	1	232	1	1	1	598	6928	56	13	96	SPORTS
2	1	233	0	0	0	446	6958	7	7	-1	
3	1	233	1	0	0	446	6958	7	7	-1	
4	1	233	1	1	0	446	6958	7	7	-1	
5	1	233	1	1	1	446	6958	7	7	0	g
2	1	234	0	0	0	455	6960	7	14	-1	
3	1	234	1	0	0	455	6960	7	14	-1	
4	1	234	1	1	0	455	6960	7	14	-1	
5	1	234	1	1	1	455	6960	7	14	42	\
2	1	235	0	0	0	397	6958	45	25	-1	
3	1	235	1	0	0	397	6958	45	25	-1	
4	1	235	1	1	0	397	6958	45	25	-1	
5	1	235	1	1	1	397	6958	45	25	62	SNS
2	1	236	0	0	0	444	6978	26	15	-1	
3	1	236	1	0	0	444	6978	26	15	-1	
4	1	236	1	1	0	444	6978	26	15	-1	
5	1	236	1	1	1	444	6978	26	15	39	NN
2	1	237	0	0	0	254	6984	30	18	-1	
3	1	237	1	0	0	254	6984	30	18	-1	
4	1	237	1	1	0	254	6984	30	18	-1	
5	1	237	1	1	1	254	6984	30	18	28	a4
2	1	238	0	0	0	473	6989	11	7	-1	
3	1	238	1	0	0	473	6989	11	7	-1	
4	1	238	1	1	0	473	6989	11	7	-1	
5	1	238	1	1	1	473	6989	11	7	0	Yi
2	1	239	0	0	0	457	7008	25	10	-1	
3	1	239	1	0	0	457	7008	25	10	-1	
4	1	239	1	1	0	457	7008	25	10	-1	
5	1	239	1	1	1	457	7008	25	10	36	SSS
2	1	240	0	0	0	466	6995	14	15	-1	
3	1	240	1	0	0	466	6995	14	15	-1	
4	1	240	1	1	0	466	6995	14	15	-1	
5	1	240	1	1	1	466	6995	14	15	20	NA
2	1	241	0	0	0	468	7015	21	14	-1	
3	1	241	1	0	0	468	7015	21	14	-1	
4	1	241	1	1	0	468	7015	21	14	-1	
5	1	241	1	1	1	468	7015	21	14	24	SN
2	1	242	0	0	0	180	7041	51	4	-1	
3	1	242	1	0	0	180	7041	51	4	-1	
4	1	242	1	1	0	180	7041	51	4	-1	
5	1	242	1	1	1	180	7041	51	4	3	on
2	1	243	0	0	0	226	7002	79	38	-1	
3	1	243	1	0	0	226	7002	79	38	-1	
4	1	243	1	1	0	226	7002	79	38	-1	
5	1	243	1	1	1	226	7002	79	38	20	ia
2	1	244	0	0	0	485	7028	11	7	-1	
3	1	244	1	0	0	485	7028	11	7	-1	
4	1	244	1	1	0	485	7028	11	7	-1	
5	1	244	1	1	1	485	7028	11	7	0	S
2	1	245	0	0	0	492	7035	15	10	-1	
3	1	245	1	0	0	492	7035	15	10	-1	
4	1	245	1	1	0	492	7035	15	10	-1	
5	1	245	1	1	1	492	7035	15	10	27	a
2	1	246	0	0	0	432	7066	7	20	-1	
3	1	246	1	0	0	432	7066	7	20	-1	
4	1	246	1	1	0	432	7066	7	20	-1	
5	1	246	1	1	1	432	7066	2	20	42	il
2	1	247	0	0	0	171	7100	182	11	-1	
3	1	247	1	0	0	171	7100	182	11	-1	
4	1	247	1	1	0	171	7100	182	11	-1	
5	1	247	1	1	1	171	7100	37	10	81	Federal
5	1	247	1	1	2	212	7100	39	10	96	Reserve
5	1	247	1	1	3	255	7100	23	10	96	Cuts
5	1	247	1	1	4	282	7100	29	10	96	Rates
5	1	247	1	1	5	315	7100	10	11	96	by
5	1	247	1	1	6	330	7100	23	10	90	Half
2	1	248	0	0	0	384	7100	109	10	-1	
3	1	248	1	0	0	384	7100	109	10	-1	
4	1	248	1	1	0	384	7100	109	10	-1	
5	1	248	1	1	1	384	7100	63	10	91	Coronavirus
5	1	248	1	1	2	451	7100	31	10	91	Slams
5	1	248	1	1	3	487	7100	6	10	63	U.
2	1	249	0	0	0	512	7100	24	10	-1	
3	1	249	1	0	0	512	7100	24	10	-1	
4	1	249	1	1	0	512	7100	24	10	-1	
5	1	249	1	1	1	512	7100	24	10	95	Hotel
2	1	250	0	0	0	598	7100	187	13	-1	
3	1	250	1	0	0	598	7100	187	13	-1	
4	1	250	1	1	0	598	7100	187	13	-1	
5	1	250	1	1	1	598	7101	49	9	93	American
5	1	250	1	1	2	651	7100	38	13	44	Cycling
5	1	250	1	1	3	692	7100	28	10	89	Team
5	1	250	1	1	4	726	7100	22	10	91	Asks
5	1	250	1	1	5	752	7102	9	8	91	to
5	1	250	1	1	6	766	7100	19	10	96	Pull
2	1	251	0	0	0	171	7118	175	13	-1	
3	1	251	1	0	0	171	7118	175	13	-1	
4	1	251	1	1	0	171	7118	175	13	-1	
5	1	251	1	1	1	171	7118	55	13	83	Percentage
5	1	251	1	1	2	230	7118	27	10	96	Point
5	1	251	1	1	3	261	7120	9	8	96	to
5	1	251	1	1	4	274	7118	40	10	96	Combat
5	1	251	1	1	5	327	7122	19	6	96	Virus
2	1	252	0	0	0	385	7118	149	13	-1	
3	1	252	1	0	0	385	7118	149	13	-1	
4	1	252	1	1	0	385	7118	149	13	-1	
5	1	252	1	1	1	385	7118	51	11	64	Industry's
5	1	252	1	1	2	440	7118	33	10	87	Global
5	1	252	1	1	3	477	7119	57	12	93	Operations
2	1	253	0	0	0	597	7118	139	11	-1	
3	1	253	1	0	0	597	7118	139	11	-1	
4	1	253	1	1	0	597	7118	139	11	-1	
5	1	253	1	1	1	597	7118	19	10	87	Out
5	1	253	1	1	2	620	7118	9	10	96	of
5	1	253	1	1	3	634	7118	29	10	96	Races
5	1	253	1	1	4	667	7122	10	6	96	in
5	1	253	1	1	5	681	7118	22	11	91	Italy
5	1	253	1	1	6	710	7118	26	10	70	Amid
2	1	254	0	0	0	171	7136	22	10	-1	
3	1	254	1	0	0	171	7136	22	10	-1	
4	1	254	1	1	0	171	7136	22	10	-1	
5	1	254	1	1	1	171	7136	22	10	90	Fear
2	1	255	0	0	0	597	7136	114	10	-1	
3	1	255	1	0	0	597	7136	114	10	-1	
4	1	255	1	1	0	597	7136	114	10	-1	
5	1	255	1	1	1	597	7136	63	10	86	Coronavirus
5	1	255	1	1	2	664	7136	47	10	96	Concerns
2	1	256	0	0	0	385	7157	174	13	-1	
3	1	256	1	0	0	385	7157	174	13	-1	
4	1	256	1	1	0	385	7157	174	13	-1	
5	1	256	1	1	1	385	7157	20	10	96	New
5	1	256	1	1	2	410	7157	23	10	96	York
5	1	256	1	1	3	437	7157	32	10	96	Condo
5	1	256	1	1	4	473	7157	57	13	95	Developers
5	1	256	1	1	5	534	7157	25	10	94	Have
2	1	257	0	0	0	170	7175	175	13	-1	
3	1	257	1	0	0	170	7175	175	13	-1	
4	1	257	1	1	0	170	7175	175	13	-1	
5	1	257	1	1	1	170	7175	8	10	77	A
5	1	257	1	1	2	182	7175	53	13	91	Misplaced
5	1	257	1	1	3	239	7175	26	10	94	Faith
5	1	257	1	1	4	269	7179	9	6	96	in
5	1	257	1	1	5	282	7175	16	10	96	the
5	1	257	1	1	6	302	7175	31	10	96	Power
5	1	257	1	1	7	336	7175	9	10	96	of
2	1	258	0	0	0	384	7175	128	11	-1	
3	1	258	1	0	0	384	7175	128	11	-1	
4	1	258	1	1	0	384	7175	128	11	-1	
5	1	258	1	1	1	384	7175	35	11	90	31,000
5	1	258	1	1	2	423	7175	43	10	96	Reasons
5	1	258	1	1	3	470	7177	9	8	96	to
5	1	258	1	1	4	483	7175	29	10	92	Smile
2	1	259	0	0	0	598	7175	170	13	-1	
3	1	259	1	0	0	598	7175	170	13	-1	
4	1	259	1	1	0	598	7175	170	13	-1	
5	1	259	1	1	1	598	7176	33	12	94	Sports
5	1	259	1	1	2	635	7175	25	10	94	Must
5	1	259	1	1	3	665	7175	12	10	96	Be
5	1	259	1	1	4	682	7175	31	10	96	Smart
5	1	259	1	1	5	717	7175	31	10	96	About
5	1	259	1	1	6	752	7175	16	10	96	the
2	1	260	0	0	0	181	7193	62	10	-1	
3	1	260	1	0	0	181	7193	62	10	-1	
4	1	260	1	1	0	181	7193	62	10	-1	
5	1	260	1	1	1	181	7193	27	10	86	entral
5	1	260	1	1	2	213	7193	30	10	87	Banks
2	1	261	0	0	0	597	7193	63	10	-1	
3	1	261	1	0	0	597	7193	63	10	-1	
4	1	261	1	1	0	597	7193	63	10	-1	
5	1	261	1	1	1	597	7193	63	10	92	Coronavirus
2	1	262	0	0	0	384	7214	108	13	-1	
3	1	262	1	0	0	384	7214	108	13	-1	
4	1	262	1	1	0	384	7214	108	13	-1	
5	1	262	1	1	1	384	7214	38	13	88	Airport
5	1	262	1	1	2	427	7214	31	13	88	Shops
5	1	262	1	1	3	462	7214	30	10	84	Suffer
2	1	263	0	0	0	521	7214	26	10	-1	
3	1	263	1	0	0	521	7214	26	10	-1	
4	1	263	1	1	0	521	7214	26	10	-1	
5	1	263	1	1	1	514	7205	18	28	56	is’
5	1	263	1	1	2	536	7218	11	6	88	as
2	1	264	0	0	0	171	7232	176	10	-1	
3	1	264	1	0	0	171	7232	176	10	-1	
4	1	264	1	1	0	171	7232	176	10	-1	
5	1	264	1	1	1	171	7232	17	10	20	U.S.
5	1	264	1	1	2	196	7232	52	10	91	Nonfarm
5	1	264	1	1	3	260	7234	21	8	91	Private
5	1	264	1	1	4	285	7232	33	10	92	Sector
5	1	264	1	1	5	321	7232	26	10	72	Adds
2	1	265	0	0	0	384	7232	140	13	-1	
3	1	265	1	0	0	384	7232	140	13	-1	
4	1	265	1	1	0	384	7232	140	13	-1	
5	1	265	1	1	1	384	7232	63	10	93	Coronavirus
5	1	265	1	1	2	451	7232	38	13	79	Upends
5	1	265	1	1	3	493	7232	31	10	93	Travel
2	1	266	0	0	0	597	7232	144	13	-1	
3	1	266	1	0	0	597	7232	144	13	-1	
4	1	266	1	1	0	597	7232	144	13	-1	
5	1	266	1	1	1	597	7232	47	10	88	Canceled
5	1	266	1	1	2	647	7232	35	10	96	Games
5	1	266	1	1	3	686	7232	18	10	96	and
5	1	266	1	1	4	709	7232	32	13	94	Empty
2	1	267	0	0	0	171	7250	130	13	-1	
3	1	267	1	0	0	171	7250	130	13	-1	
4	1	267	1	1	0	171	7250	130	13	-1	
5	1	267	1	1	1	171	7250	41	12	89	183,000
5	1	267	1	1	2	216	7250	22	10	84	Jobs
5	1	267	1	1	3	242	7254	9	6	84	in
5	1	267	1	1	4	256	7250	45	13	92	February
2	1	268	0	0	0	598	7250	163	10	-1	
3	1	268	1	0	0	598	7250	163	10	-1	
4	1	268	1	1	0	598	7250	163	10	-1	
5	1	268	1	1	1	598	7250	52	10	94	Stadiums:
5	1	268	1	1	2	654	7250	21	10	96	Will
5	1	268	1	1	3	679	7250	15	10	96	the
5	1	268	1	1	4	698	7250	63	10	92	Coronavirus
2	1	269	0	0	0	598	7268	91	13	-1	
3	1	269	1	0	0	598	7268	91	13	-1	
4	1	269	1	1	0	598	7268	91	13	-1	
5	1	269	1	1	1	598	7268	35	13	96	Spread
5	1	269	1	1	2	637	7270	10	8	96	to
5	1	269	1	1	3	651	7268	38	13	93	Sports?
2	1	270	0	0	0	181	7332	106	11	-1	
3	1	270	1	0	0	181	7332	106	11	-1	
4	1	270	1	1	0	181	7332	106	11	-1	
5	1	270	1	1	1	181	7332	30	11	96	PAID
5	1	270	1	1	2	217	7332	70	11	91	PROGRAM
2	1	271	0	0	0	195	7378	15	4	-1	
3	1	271	1	0	0	195	7378	15	4	-1	
4	1	271	1	1	0	195	7378	15	4	-1	
5	1	271	1	1	1	195	7378	15	4	47	=
2	1	272	0	0	0	209	7468	127	8	-1	
3	1	272	1	0	0	209	7468	127	8	-1	
4	1	272	1	1	0	209	7468	127	8	-1	
5	1	272	1	1	1	209	7468	46	8	79	‘Amazon
5	1	272	1	1	2	259	7468	24	8	96	Web
5	1	272	1	1	3	288	7468	48	8	76	Services
2	1	273	0	0	0	191	7487	163	10	-1	
3	1	273	1	0	0	191	7487	163	10	-1	
4	1	273	1	1	0	191	7487	163	10	-1	
5	1	273	1	1	1	191	7487	23	8	96	How
5	1	273	1	1	2	218	7487	16	8	96	the
5	1	273	1	1	3	238	7487	30	8	96	Cloud
5	1	273	1	1	4	273	7487	8	8	96	Is
5	1	273	1	1	5	285	7487	69	10	79	Transforming
2	1	274	0	0	0	221	7501	103	8	-1	
3	1	274	1	0	0	221	7501	103	8	-1	
4	1	274	1	1	0	221	7501	103	8	-1	
5	1	274	1	1	1	221	7501	16	8	69	the
5	1	274	1	1	2	242	7501	47	8	96	Business
5	1	274	1	1	3	293	7501	31	8	96	World
2	1	275	0	0	0	171	7566	32	13	-1	
3	1	275	1	0	0	171	7566	32	13	-1	
4	1	275	1	1	0	171	7566	32	13	-1	
5	1	275	1	1	1	171	7566	32	13	60	cMO
2	1	276	0	0	0	384	7566	23	13	-1	
3	1	276	1	0	0	384	7566	23	13	-1	
4	1	276	1	1	0	384	7566	23	13	-1	
5	1	276	1	1	1	384	7566	23	13	77	clo
2	1	277	0	0	0	597	7566	27	13	-1	
3	1	277	1	0	0	597	7566	27	13	-1	
4	1	277	1	1	0	597	7566	27	13	-1	
5	1	277	1	1	1	597	7566	27	13	73	CFO
2	1	278	0	0	0	172	7595	30	29	-1	
3	1	278	1	0	0	172	7595	30	29	-1	
4	1	278	1	1	0	172	7595	30	29	-1	
5	1	278	1	1	1	188	7595	14	29	0	|
2	1	279	0	0	0	335	7654	17	3	-1	
3	1	279	1	0	0	335	7654	17	3	-1	
4	1	279	1	1	0	335	7654	17	3	-1	
5	1	279	1	1	1	335	7654	17	3	16	Hs
2	1	280	0	0	0	413	7641	28	7	-1	
3	1	280	1	0	0	413	7641	28	7	-1	
4	1	280	1	1	0	413	7641	28	7	-1	
5	1	280	1	1	1	413	7641	28	7	37	=<
2	1	281	0	0	0	465	7634	27	14	-1	
3	1	281	1	0	0	465	7634	27	14	-1	
4	1	281	1	1	0	465	7634	27	14	-1	
5	1	281	1	1	1	465	7634	27	14	0	re
2	1	282	0	0	0	708	7649	6	4	-1	
3	1	282	1	0	0	708	7649	6	4	-1	
4	1	282	1	1	0	708	7649	6	4	-1	
5	1	282	1	1	1	708	7649	6	4	27	a
2	1	283	0	0	0	759	7659	14	6	-1	
3	1	283	1	0	0	759	7659	14	6	-1	
4	1	283	1	1	0	759	7659	14	6	-1	
5	1	283	1	1	1	759	7659	14	6	32	D4
2	1	284	0	0	0	422	7645	51	29	-1	
3	1	284	1	0	0	422	7645	51	29	-1	
4	1	284	1	1	0	422	7645	51	29	-1	
5	1	284	1	1	1	422	7645	51	29	18	a
2	1	285	0	0	0	512	7682	7	5	-1	
3	1	285	1	0	0	512	7682	7	5	-1	
4	1	285	1	1	0	512	7682	7	5	-1	
5	1	285	1	1	1	512	7682	7	5	0	tS
2	1	286	0	0	0	395	7714	17	8	-1	
3	1	286	1	0	0	395	7714	17	8	-1	
4	1	286	1	1	0	395	7714	17	8	-1	
5	1	286	1	1	1	395	7714	17	8	12	eS
2	1	287	0	0	0	697	7702	61	10	-1	
3	1	287	1	0	0	697	7702	61	10	-1	
4	1	287	1	1	0	697	7702	61	10	-1	
5	1	287	1	1	1	754	7704	4	5	22	es
2	1	288	0	0	0	171	7735	165	14	-1	
3	1	288	1	0	0	171	7735	165	14	-1	
4	1	288	1	1	0	171	7735	165	14	-1	
5	1	288	1	1	1	171	7735	51	14	96	Bedding
5	1	288	1	1	2	226	7736	37	10	92	Brand
5	1	288	1	1	3	267	7735	69	11	89	Brooklinen
2	1	289	0	0	0	384	7735	178	14	-1	
3	1	289	1	0	0	384	7735	178	14	-1	
4	1	289	1	1	0	384	7735	178	14	-1	
5	1	289	1	1	1	384	7735	64	11	80	Cloudflare
5	1	289	1	1	2	452	7736	30	13	96	Taps
5	1	289	1	1	3	486	7736	16	10	96	Its
5	1	289	1	1	4	506	7736	29	10	96	First
5	1	289	1	1	5	539	7736	23	10	85	CIO
2	1	290	0	0	0	597	7735	189	14	-1	
3	1	290	1	0	0	597	7735	189	14	-1	
4	1	290	1	1	0	597	7735	189	14	-1	
5	1	290	1	1	1	597	7736	70	13	91	Companies
5	1	290	1	1	2	671	7735	28	11	96	Find
5	1	290	1	1	3	702	7736	34	13	93	Ways
5	1	290	1	1	4	740	7737	12	9	93	to
5	1	290	1	1	5	756	7736	30	13	96	Keep
2	1	291	0	0	0	171	7753	152	13	-1	
3	1	291	1	0	0	171	7753	152	13	-1	
4	1	291	1	1	0	171	7753	152	13	-1	
5	1	291	1	1	1	171	7754	39	10	96	Raises
5	1	291	1	1	2	215	7753	22	13	96	$50
5	1	291	1	1	3	241	7753	45	11	95	Million
5	1	291	1	1	4	289	7754	34	10	96	From
2	1	292	0	0	0	597	7753	173	14	-1	
3	1	292	1	0	0	597	7753	173	14	-1	
4	1	292	1	1	0	597	7753	173	14	-1	
5	1	292	1	1	1	597	7753	34	11	96	Their
5	1	292	1	1	2	634	7753	46	11	96	Annual
5	1	292	1	1	3	684	7754	49	13	96	Reports
5	1	292	1	1	4	737	7754	33	10	93	From
2	1	293	0	0	0	171	7772	107	10	-1	
3	1	293	1	0	0	171	7772	107	10	-1	
4	1	293	1	1	0	171	7772	107	10	-1	
5	1	293	1	1	1	171	7772	49	10	96	Summit
5	1	293	1	1	2	224	7772	54	10	96	Partners
2	1	294	0	0	0	597	7772	78	13	-1	
3	1	294	1	0	0	597	7772	78	13	-1	
4	1	294	1	1	0	597	7772	78	13	-1	
5	1	294	1	1	1	597	7772	36	13	64	Being
5	1	294	1	1	2	636	7775	7	7	64	a
5	1	294	1	1	3	647	7772	28	10	79	Bore
2	1	295	0	0	0	384	7774	136	14	-1	
3	1	295	1	0	0	384	7774	136	14	-1	
4	1	295	1	1	0	384	7774	136	14	-1	
5	1	295	1	1	1	384	7774	66	14	96	Honeywell
5	1	295	1	1	2	454	7776	12	9	96	to
5	1	295	1	1	3	470	7774	24	11	88	Roll
5	1	295	1	1	4	498	7775	22	10	94	Out
2	1	296	0	0	0	384	7793	125	13	-1	
3	1	296	1	0	0	384	7793	125	13	-1	
4	1	296	1	1	0	384	7793	125	13	-1	
5	1	296	1	1	1	384	7793	58	12	96	Quantum
5	1	296	1	1	2	446	7793	63	13	93	Computer
2	1	297	0	0	0	170	7810	191	14	-1	
3	1	297	1	0	0	170	7810	191	14	-1	
4	1	297	1	1	0	170	7810	191	14	-1	
5	1	297	1	1	1	170	7810	17	11	88	Ad
5	1	297	1	1	2	191	7811	55	10	96	Business
5	1	297	1	1	3	250	7810	37	14	96	Likely
5	1	297	1	1	4	291	7812	12	9	96	to
5	1	297	1	1	5	307	7810	38	11	96	Suffer
5	1	297	1	1	6	349	7814	12	7	96	as
2	1	298	0	0	0	597	7810	190	11	-1	
3	1	298	1	0	0	597	7810	190	11	-1	
4	1	298	1	1	0	597	7810	190	11	-1	
5	1	298	1	1	1	597	7810	54	11	23	‘WeWork
5	1	298	1	1	2	655	7811	42	10	96	Names
5	1	298	1	1	3	701	7811	46	10	96	Former
5	1	298	1	1	4	751	7810	36	11	96	Baker
2	1	299	0	0	0	171	7828	134	14	-1	
3	1	299	1	0	0	171	7828	134	14	-1	
4	1	299	1	1	0	171	7828	134	14	-1	
5	1	299	1	1	1	171	7828	77	11	96	Coronavirus
5	1	299	1	1	2	252	7828	53	14	96	Spreads;
2	1	300	0	0	0	384	7831	179	14	-1	
3	1	300	1	0	0	384	7831	179	14	-1	
4	1	300	1	1	0	384	7831	179	14	-1	
5	1	300	1	1	1	384	7832	29	10	64	Cl0s
5	1	300	1	1	2	416	7832	21	10	94	Act
5	1	300	1	1	3	442	7835	12	7	94	as
5	1	300	1	1	4	458	7832	74	13	96	Companies’
5	1	300	1	1	5	536	7831	27	11	96	Glue
2	1	301	0	0	0	597	7828	158	14	-1	
3	1	301	1	0	0	597	7828	158	14	-1	
4	1	301	1	1	0	597	7828	158	14	-1	
5	1	301	1	1	1	597	7828	47	14	94	Hughes
5	1	301	1	1	2	648	7829	61	10	96	Executive
5	1	301	1	1	3	713	7832	13	7	96	as
5	1	301	1	1	4	730	7829	25	10	88	CFO
2	1	302	0	0	0	170	7846	130	11	-1	
3	1	302	1	0	0	170	7846	130	11	-1	
4	1	302	1	1	0	170	7846	130	11	-1	
5	1	302	1	1	1	170	7847	53	10	77	‘Moment
5	1	302	1	1	2	222	7838	12	28	96	of
5	1	302	1	1	3	235	7846	44	11	96	Truth
5	1	302	1	1	4	283	7846	17	11	96	for
2	1	303	0	0	0	384	7849	124	14	-1	
3	1	303	1	0	0	384	7849	124	14	-1	
4	1	303	1	1	0	384	7849	124	14	-1	
5	1	303	1	1	1	384	7849	43	14	95	During
5	1	303	1	1	2	431	7850	77	10	95	Coronavirus
2	1	304	0	0	0	171	7864	151	14	-1	
3	1	304	1	0	0	171	7864	151	14	-1	
4	1	304	1	1	0	171	7864	151	14	-1	
5	1	304	1	1	1	171	7864	78	14	86	Bloomberg’s
5	1	304	1	1	2	253	7864	16	11	93	Ad
5	1	304	1	1	3	273	7865	49	13	93	Barrage
2	1	305	0	0	0	384	7868	74	13	-1	
3	1	305	1	0	0	384	7868	74	13	-1	
4	1	305	1	1	0	384	7868	74	13	-1	
5	1	305	1	1	1	384	7868	74	13	95	Disruptions
2	1	306	0	0	0	597	7867	192	14	-1	
3	1	306	1	0	0	597	7867	192	14	-1	
4	1	306	1	1	0	597	7867	192	14	-1	
5	1	306	1	1	1	597	7867	33	11	96	Delta
5	1	306	1	1	2	633	7868	20	10	94	Air
5	1	306	1	1	3	657	7868	33	10	94	Lines
5	1	306	1	1	4	694	7868	25	10	93	CFO
5	1	306	1	1	5	723	7868	49	13	96	Departs
5	1	306	1	1	6	776	7871	13	7	96	as
2	1	307	0	0	0	597	7885	139	14	-1	
3	1	307	1	0	0	597	7885	139	14	-1	
4	1	307	1	1	0	597	7885	139	14	-1	
5	1	307	1	1	1	597	7885	43	11	96	Airline
5	1	307	1	1	2	644	7885	54	14	96	Industry
5	1	307	1	1	3	702	7886	34	10	96	Faces
2	1	308	0	0	0	170	7903	186	11	-1	
3	1	308	1	0	0	170	7903	186	11	-1	
4	1	308	1	1	0	170	7903	186	11	-1	
5	1	308	1	1	1	170	7904	82	10	48	ViacomCBS’s
5	1	308	1	1	2	257	7903	32	11	95	Pluto
5	1	308	1	1	3	293	7904	18	10	96	TV
5	1	308	1	1	4	314	7904	42	10	73	Boosts
2	1	309	0	0	0	597	7904	125	13	-1	
3	1	309	1	0	0	597	7904	125	13	-1	
4	1	309	1	1	0	597	7904	125	13	-1	
5	1	309	1	1	1	597	7904	77	10	94	Coronavirus
5	1	309	1	1	2	679	7904	43	13	94	Impact
2	1	310	0	0	0	171	7921	183	14	-1	
3	1	310	1	0	0	171	7921	183	14	-1	
4	1	310	1	1	0	171	7921	183	14	-1	
5	1	310	1	1	1	171	7921	65	14	96	Marketing
5	1	310	1	1	2	240	7925	13	7	96	as
5	1	310	1	1	3	257	7922	27	10	96	Free
5	1	310	1	1	4	288	7922	66	13	95	Streaming
2	1	311	0	0	0	171	7939	149	14	-1	
3	1	311	1	0	0	171	7939	149	14	-1	
4	1	311	1	1	0	171	7939	149	14	-1	
5	1	311	1	1	1	171	7940	52	10	92	Services
5	1	311	1	1	2	227	7939	56	14	92	Intensify
5	1	311	1	1	3	287	7939	33	14	93	Fight
2	1	312	0	0	0	171	7994	142	13	-1	
3	1	312	1	0	0	171	7994	142	13	-1	
4	1	312	1	1	0	171	7994	142	13	-1	
5	1	312	1	1	1	171	7994	32	13	93	RISK
5	1	312	1	1	2	207	7994	9	13	93	&
5	1	312	1	1	3	219	7994	94	13	96	COMPLIANCE
2	1	313	0	0	0	345	7992	9	16	-1	
3	1	313	1	0	0	345	7992	9	16	-1	
4	1	313	1	1	0	345	7992	9	16	-1	
5	1	313	1	1	1	345	7992	9	16	96	>
2	1	314	0	0	0	598	7994	133	13	-1	
3	1	314	1	0	0	598	7994	133	13	-1	
4	1	314	1	1	0	598	7994	133	13	-1	
5	1	314	1	1	1	598	7994	72	13	96	LOGISTICS
5	1	314	1	1	2	674	7994	57	13	96	REPORT
2	1	315	0	0	0	773	7992	9	16	-1	
3	1	315	1	0	0	773	7992	9	16	-1	
4	1	315	1	1	0	773	7992	9	16	-1	
5	1	315	1	1	1	773	7992	9	16	96	>
2	1	316	0	0	0	644	8067	1	4	-1	
3	1	316	1	0	0	644	8065	11	6	-1	
4	1	316	1	1	0	644	8067	1	4	-1	
5	1	316	1	1	1	644	8067	1	4	0	.
2	1	317	0	0	0	752	8056	37	11	-1	
3	1	317	1	0	0	752	8056	37	11	-1	
4	1	317	1	1	0	752	8056	37	11	-1	
5	1	317	1	1	1	752	8056	37	11	27	otic
2	1	318	0	0	0	637	8077	15	3	-1	
3	1	318	1	0	0	637	8077	15	3	-1	
4	1	318	1	1	0	637	8077	15	3	-1	
5	1	318	1	1	1	637	8077	15	3	22	fo
2	1	319	0	0	0	285	8089	14	7	-1	
3	1	319	1	0	0	285	8089	14	7	-1	
4	1	319	1	1	0	285	8089	14	7	-1	
5	1	319	1	1	1	285	8089	14	7	26	i
2	1	320	0	0	0	312	8081	20	8	-1	
3	1	320	1	0	0	312	8081	20	8	-1	
4	1	320	1	1	0	312	8081	20	8	-1	
5	1	320	1	1	1	312	8081	20	8	0	e5
2	1	321	0	0	0	279	8114	15	6	-1	
3	1	321	1	0	0	279	8114	15	6	-1	
4	1	321	1	1	0	279	8114	15	6	-1	
5	1	321	1	1	1	279	8114	15	6	0	ae
2	1	322	0	0	0	655	8118	13	2	-1	
3	1	322	1	0	0	655	8118	13	2	-1	
4	1	322	1	1	0	655	8118	13	2	-1	
5	1	322	1	1	1	655	8118	13	2	28	=
2	1	323	0	0	0	731	8135	62	35	-1	
3	1	323	1	0	0	731	8135	62	35	-1	
4	1	323	1	1	0	731	8135	62	35	-1	
5	1	323	1	1	1	731	8135	62	35	35	ice
2	1	324	0	0	0	794	8155	5	15	-1	
3	1	324	1	0	0	794	8155	5	15	-1	
4	1	324	1	1	0	794	8155	5	15	-1	
5	1	324	1	1	1	794	8155	5	15	18	a
2	1	325	0	0	0	54	8154	79	38	-1	
3	1	325	1	0	0	54	8154	79	38	-1	
4	1	325	1	1	0	54	8154	79	38	-1	
5	1	325	1	1	1	54	8154	79	38	65	WSI
2	1	326	0	0	0	204	8160	292	35	-1	
3	1	326	1	0	0	204	8160	292	35	-1	
4	1	326	1	1	0	204	8160	292	35	-1	
5	1	326	1	1	1	204	8162	182	33	95	ELECTION
5	1	326	1	1	2	400	8160	96	29	63	2820
2	1	327	0	0	0	635	8192	6	3	-1	
3	1	327	1	0	0	635	8192	6	3	-1	
4	1	327	1	1	0	635	8192	6	3	-1	
5	1	327	1	1	1	635	8192	6	3	62	3
2	1	328	0	0	0	638	8131	57	61	-1	
3	1	328	1	0	0	638	8131	85	61	-1	
4	1	328	1	1	0	638	8131	57	61	-1	
5	1	328	1	1	1	638	8131	57	61	7	aa
2	1	329	0	0	0	726	8188	43	4	-1	
3	1	329	1	0	0	726	8188	43	4	-1	
4	1	329	1	1	0	726	8188	43	4	-1	
5	1	329	1	1	1	726	8188	43	4	32	VEN
2	1	330	0	0	0	597	8200	77	10	-1	
3	1	330	1	0	0	597	8200	77	10	-1	
4	1	330	1	1	0	597	8200	77	10	-1	
5	1	330	1	1	1	597	8200	77	10	96	Coronavirus
2	1	331	0	0	0	170	8220	162	14	-1	
3	1	331	1	0	0	170	8220	162	14	-1	
4	1	331	1	1	0	170	8220	162	14	-1	
5	1	331	1	1	1	170	8220	23	11	92	‘The
5	1	331	1	1	2	198	8221	54	13	94	Morning
5	1	331	1	1	3	256	8220	26	11	96	Risk
5	1	331	1	1	4	286	8221	46	13	96	Report:
2	1	332	0	0	0	170	8238	144	11	-1	
3	1	332	1	0	0	170	8238	144	11	-1	
4	1	332	1	1	0	170	8238	144	11	-1	
5	1	332	1	1	1	170	8239	27	10	85	‘Two
5	1	332	1	1	2	201	8238	49	11	96	Chinese
5	1	332	1	1	3	254	8238	60	11	88	Nationals
2	1	333	0	0	0	597	8238	168	11	-1	
3	1	333	1	0	0	597	8238	168	11	-1	
4	1	333	1	1	0	597	8238	168	11	-1	
5	1	333	1	1	1	597	8238	59	11	92	Canadian
5	1	333	1	1	2	660	8238	54	11	93	National
5	1	333	1	1	3	717	8239	32	10	93	Aims
5	1	333	1	1	4	753	8240	12	9	96	to
2	1	334	0	0	0	171	8256	158	14	-1	
3	1	334	1	0	0	171	8256	158	14	-1	
4	1	334	1	1	0	171	8256	158	14	-1	
5	1	334	1	1	1	171	8256	52	11	94	Indicted
5	1	334	1	1	2	227	8260	11	7	96	in
5	1	334	1	1	3	242	8256	47	14	94	Alleged
5	1	334	1	1	4	293	8256	36	11	96	North
2	1	335	0	0	0	597	8256	177	14	-1	
3	1	335	1	0	0	597	8256	177	14	-1	
4	1	335	1	1	0	597	8256	177	14	-1	
5	1	335	1	1	1	597	8256	49	14	96	Sharply
5	1	335	1	1	2	650	8257	21	10	96	Cut
5	1	335	1	1	3	675	8256	46	14	96	Freight
5	1	335	1	1	4	725	8256	49	14	96	Backlog
2	1	336	0	0	0	170	8274	128	11	-1	
3	1	336	1	0	0	170	8274	128	11	-1	
4	1	336	1	1	0	170	8274	128	11	-1	
5	1	336	1	1	1	170	8275	45	10	93	Korean
5	1	336	1	1	2	219	8274	45	11	91	Bitcoin
5	1	336	1	1	3	267	8274	31	11	96	Hack
2	1	337	0	0	0	597	8274	65	11	-1	
3	1	337	1	0	0	597	8274	65	11	-1	
4	1	337	1	1	0	597	8274	65	11	-1	
5	1	337	1	1	1	597	8274	27	11	96	This
5	1	337	1	1	2	628	8274	34	11	96	Week
2	1	338	0	0	0	171	8313	167	11	-1	
3	1	338	1	0	0	171	8313	167	11	-1	
4	1	338	1	1	0	171	8313	167	11	-1	
5	1	338	1	1	1	171	8313	53	11	96	Cardinal
5	1	338	1	1	2	228	8313	41	11	96	Health
5	1	338	1	1	3	273	8313	43	11	93	Settles
5	1	338	1	1	4	320	8313	18	11	95	for
2	1	339	0	0	0	597	8313	159	14	-1	
3	1	339	1	0	0	597	8313	159	14	-1	
4	1	339	1	1	0	597	8313	159	14	-1	
5	1	339	1	1	1	597	8313	49	14	92	Today's
5	1	339	1	1	2	650	8314	56	13	95	Logistics
5	1	339	1	1	3	710	8314	46	13	96	Report:
2	1	340	0	0	0	171	8331	189	13	-1	
3	1	340	1	0	0	171	8331	189	13	-1	
4	1	340	1	1	0	171	8331	189	13	-1	
5	1	340	1	1	1	171	8331	25	13	96	$8.8
5	1	340	1	1	2	200	8331	45	11	96	Million
5	1	340	1	1	3	249	8331	31	11	96	With
5	1	340	1	1	4	283	8332	24	10	96	SEC
5	1	340	1	1	5	312	8335	11	7	92	in
5	1	340	1	1	6	327	8332	33	10	84	FCPA
2	1	341	0	0	0	597	8331	157	14	-1	
3	1	341	1	0	0	597	8331	157	14	-1	
4	1	341	1	1	0	597	8331	157	14	-1	
5	1	341	1	1	1	597	8331	56	14	96	Plunging
5	1	341	1	1	2	657	8332	40	13	96	Cargo;
5	1	341	1	1	3	701	8332	53	10	85	Foxconn
2	1	342	0	0	0	171	8350	28	10	-1	
3	1	342	1	0	0	171	8350	28	10	-1	
4	1	342	1	1	0	171	8350	28	10	-1	
5	1	342	1	1	1	171	8350	28	10	96	Case
2	1	343	0	0	0	597	8349	141	14	-1	
3	1	343	1	0	0	597	8349	141	14	-1	
4	1	343	1	1	0	597	8349	141	14	-1	
5	1	343	1	1	1	597	8350	43	13	96	Ramps
5	1	343	1	1	2	643	8350	21	13	96	Up;
5	1	343	1	1	3	668	8350	42	13	93	Easing
5	1	343	1	1	4	714	8349	24	11	96	Rail
2	1	344	0	0	0	597	8367	71	14	-1	
3	1	344	1	0	0	597	8367	71	14	-1	
4	1	344	1	1	0	597	8367	71	14	-1	
5	1	344	1	1	1	597	8367	71	14	94	Congestion
2	1	345	0	0	0	171	8422	73	13	-1	
3	1	345	1	0	0	171	8422	73	13	-1	
4	1	345	1	1	0	171	8422	73	13	-1	
5	1	345	1	1	1	171	8422	73	13	39	BARRON'S
2	1	346	0	0	0	384	8422	114	13	-1	
3	1	346	1	0	0	384	8422	114	13	-1	
4	1	346	1	1	0	384	8422	114	13	-1	
5	1	346	1	1	1	384	8422	114	13	96	MARKETWATCH
2	1	347	0	0	0	559	8420	9	16	-1	
3	1	347	1	0	0	559	8420	9	16	-1	
4	1	347	1	1	0	559	8420	9	16	-1	
5	1	347	1	1	1	559	8420	9	16	96	>
2	1	348	0	0	0	598	8422	128	13	-1	
3	1	348	1	0	0	598	8422	128	13	-1	
4	1	348	1	1	0	598	8422	128	13	-1	
5	1	348	1	1	1	598	8422	68	13	95	MANSION
5	1	348	1	1	2	670	8422	56	13	96	GLOBAL
2	1	349	0	0	0	639	8452	16	6	-1	
3	1	349	1	0	0	639	8452	16	6	-1	
4	1	349	1	1	0	639	8452	16	6	-1	
5	1	349	1	1	1	639	8452	16	6	71	=
2	1	350	0	0	0	536	8477	23	9	-1	
3	1	350	1	0	0	536	8477	23	9	-1	
4	1	350	1	1	0	536	8477	23	9	-1	
5	1	350	1	1	1	536	8477	23	9	56	1088,
2	1	351	0	0	0	677	8474	17	8	-1	
3	1	351	1	0	0	677	8474	17	8	-1	
4	1	351	1	1	0	677	8474	17	8	-1	
5	1	351	1	1	1	677	8474	17	8	30	ry
2	1	352	0	0	0	746	8457	43	23	-1	
3	1	352	1	0	0	746	8457	43	23	-1	
4	1	352	1	1	0	746	8457	43	23	-1	
5	1	352	1	1	1	779	8457	10	23	40	|
2	1	353	0	0	0	243	8470	43	22	-1	
3	1	353	1	0	0	243	8470	43	22	-1	
4	1	353	1	1	0	243	8470	43	22	-1	
5	1	353	1	1	1	243	8470	43	22	27	ZN
2	1	354	0	0	0	457	8501	32	10	-1	
3	1	354	1	0	0	457	8501	32	10	-1	
4	1	354	1	1	0	457	8501	32	10	-1	
5	1	354	1	1	1	457	8501	32	10	0	$1040
2	1	355	0	0	0	451	8519	16	4	-1	
3	1	355	1	0	0	451	8519	16	4	-1	
4	1	355	1	1	0	451	8519	16	4	-1	
5	1	355	1	1	1	451	8519	16	4	73	=
2	1	356	0	0	0	676	8498	19	27	-1	
3	1	356	1	0	0	676	8498	19	27	-1	
4	1	356	1	1	0	676	8498	19	27	-1	
5	1	356	1	1	1	676	8498	19	27	9	|
2	1	357	0	0	0	503	8531	6	4	-1	
3	1	357	1	0	0	503	8531	6	4	-1	
4	1	357	1	1	0	503	8531	6	4	-1	
5	1	357	1	1	1	503	8531	6	4	0	e
2	1	358	0	0	0	624	8504	20	29	-1	
3	1	358	1	0	0	624	8504	20	29	-1	
4	1	358	1	1	0	624	8504	20	29	-1	
5	1	358	1	1	1	624	8508	12	25	46	i
5	1	358	1	1	2	643	8504	1	15	75	|
2	1	359	0	0	0	702	8536	20	19	-1	
3	1	359	1	0	0	702	8536	20	19	-1	
4	1	359	1	1	0	702	8536	20	19	-1	
5	1	359	1	1	1	702	8536	20	19	16	ee
2	1	360	0	0	0	383	8556	47	23	-1	
3	1	360	1	0	0	383	8556	47	23	-1	
4	1	360	1	1	0	383	8556	47	23	-1	
5	1	360	1	1	1	383	8556	47	23	0	»”
2	1	361	0	0	0	170	8591	164	13	-1	
3	1	361	1	0	0	170	8591	164	13	-1	
4	1	361	1	1	0	170	8591	164	13	-1	
5	1	361	1	1	1	170	8591	85	11	96	UnitedHealth
5	1	361	1	1	2	259	8591	34	11	92	Stock
5	1	361	1	1	3	297	8592	37	12	92	Soars,
2	1	362	0	0	0	384	8591	186	14	-1	
3	1	362	1	0	0	384	8591	186	14	-1	
4	1	362	1	1	0	384	8591	186	14	-1	
5	1	362	1	1	1	384	8592	27	10	95	This
5	1	362	1	1	2	409	8583	24	29	95	plan
5	1	362	1	1	3	438	8593	17	9	89	to
5	1	362	1	1	4	454	8583	31	29	89	force
5	1	362	1	1	5	491	8591	25	11	96	the
5	1	362	1	1	6	520	8591	50	14	96	wealthy
2	1	363	0	0	0	170	8609	173	14	-1	
3	1	363	1	0	0	170	8609	173	14	-1	
4	1	363	1	1	0	170	8609	173	14	-1	
5	1	363	1	1	1	170	8610	42	13	74	Target
5	1	363	1	1	2	216	8610	38	12	95	Gains,
5	1	363	1	1	3	258	8609	23	11	96	and
5	1	363	1	1	4	284	8609	20	11	95	the
5	1	363	1	1	5	308	8609	35	11	95	Stock
2	1	364	0	0	0	384	8609	163	14	-1	
3	1	364	1	0	0	384	8609	163	14	-1	
4	1	364	1	1	0	384	8609	163	14	-1	
5	1	364	1	1	1	384	8611	12	9	81	to
5	1	364	1	1	2	400	8613	22	10	81	pay
5	1	364	1	1	3	425	8610	40	13	96	yearly
5	1	364	1	1	4	468	8609	42	14	94	capital
5	1	364	1	1	5	514	8613	33	10	93	gains
2	1	365	0	0	0	171	8627	188	14	-1	
3	1	365	1	0	0	171	8627	188	14	-1	
4	1	365	1	1	0	171	8627	188	14	-1	
5	1	365	1	1	1	171	8627	45	11	96	Market
5	1	365	1	1	2	220	8627	38	14	93	Really
5	1	365	1	1	3	262	8627	32	11	96	Likes
5	1	365	1	1	4	298	8628	21	10	96	Joe
5	1	365	1	1	5	323	8627	36	11	86	Biden
2	1	366	0	0	0	384	8627	158	11	-1	
3	1	366	1	0	0	384	8627	158	11	-1	
4	1	366	1	1	0	384	8627	158	11	-1	
5	1	366	1	1	1	384	8629	32	9	95	taxes
5	1	366	1	1	2	420	8628	35	10	68	won't
5	1	366	1	1	3	460	8627	31	11	96	solve
5	1	366	1	1	4	495	8627	20	11	96	the
5	1	366	1	1	5	519	8627	23	11	91	real
2	1	367	0	0	0	597	8636	131	13	-1	
3	1	367	1	0	0	597	8636	131	13	-1	
4	1	367	1	1	0	597	8636	131	13	-1	
5	1	367	1	1	1	597	8636	23	11	88	The
5	1	367	1	1	2	624	8637	44	12	96	Beauty
5	1	367	1	1	3	667	8629	15	28	95	of
5	1	367	1	1	4	687	8640	7	7	96	a
5	1	367	1	1	5	698	8636	30	11	96	Book
2	1	368	0	0	0	384	8645	52	14	-1	
3	1	368	1	0	0	384	8645	52	14	-1	
4	1	368	1	1	0	384	8645	52	14	-1	
5	1	368	1	1	1	384	8645	52	14	96	problem
2	1	369	0	0	0	597	8654	64	11	-1	
3	1	369	1	0	0	597	8654	64	11	-1	
4	1	369	1	1	0	597	8654	64	11	-1	
5	1	369	1	1	1	597	8654	64	11	85	Collection
2	1	370	0	0	0	171	8666	184	14	-1	
3	1	370	1	0	0	171	8666	184	14	-1	
4	1	370	1	1	0	171	8666	184	14	-1	
5	1	370	1	1	1	171	8667	16	10	96	GE
5	1	370	1	1	2	192	8667	27	13	96	Says
5	1	370	1	1	3	224	8667	77	10	96	Coronavirus
5	1	370	1	1	4	305	8666	25	11	95	Will
5	1	370	1	1	5	334	8667	21	10	95	Cut
2	1	371	0	0	0	384	8684	136	11	-1	
3	1	371	1	0	0	384	8684	136	11	-1	
4	1	371	1	1	0	384	8684	136	11	-1	
5	1	371	1	1	1	384	8684	23	11	69	The
5	1	371	1	1	2	411	8684	22	11	95	Fed
5	1	371	1	1	3	437	8684	21	11	96	has
5	1	371	1	1	4	462	8688	22	7	96	one
5	1	371	1	1	5	488	8688	32	7	96	more
2	1	372	0	0	0	171	8684	150	14	-1	
3	1	372	1	0	0	171	8684	150	14	-1	
4	1	372	1	1	0	171	8684	150	14	-1	
5	1	372	1	1	1	171	8685	15	10	90	Its
5	1	372	1	1	2	190	8684	30	11	90	Cash
5	1	372	1	1	3	224	8684	33	11	95	Flow.
5	1	372	1	1	4	261	8684	60	14	93	Quarterly
2	1	373	0	0	0	597	8693	179	14	-1	
3	1	373	1	0	0	597	8693	179	14	-1	
4	1	373	1	1	0	597	8693	179	14	-1	
5	1	373	1	1	1	597	8694	53	10	91	Six-Acre
5	1	373	1	1	2	654	8693	68	14	87	Compound
5	1	373	1	1	3	726	8697	15	7	96	on
5	1	373	1	1	4	745	8694	31	13	96	Long
2	1	374	0	0	0	171	8702	189	14	-1	
3	1	374	1	0	0	171	8702	189	14	-1	
4	1	374	1	1	0	171	8702	189	14	-1	
5	1	374	1	1	1	171	8703	56	13	93	Earnings
5	1	374	1	1	2	230	8702	26	11	96	Will
5	1	374	1	1	3	260	8702	22	11	95	Fall
5	1	374	1	1	4	286	8702	34	11	95	Short
5	1	374	1	1	5	324	8702	13	11	95	of
5	1	374	1	1	6	340	8702	20	11	95	the
2	1	375	0	0	0	384	8702	157	14	-1	
3	1	375	1	0	0	384	8702	157	14	-1	
4	1	375	1	1	0	384	8702	157	14	-1	
5	1	375	1	1	1	384	8706	65	10	96	surprising
5	1	375	1	1	2	453	8706	25	10	89	way
5	1	375	1	1	3	482	8704	12	9	89	to
5	1	375	1	1	4	497	8702	21	14	96	jolt
5	1	375	1	1	5	522	8703	19	10	93	the
2	1	376	0	0	0	597	8711	179	11	-1	
3	1	376	1	0	0	597	8711	179	11	-1	
4	1	376	1	1	0	597	8711	179	11	-1	
5	1	376	1	1	1	597	8711	48	11	92	Island’s
5	1	376	1	1	2	649	8711	29	11	96	Gold
5	1	376	1	1	3	681	8712	35	10	96	Coast
5	1	376	1	1	4	720	8712	31	10	96	With
5	1	376	1	1	5	754	8712	22	10	72	522
2	1	377	0	0	0	171	8720	85	11	-1	
3	1	377	1	0	0	171	8720	85	11	-1	
4	1	377	1	1	0	171	8720	85	11	-1	
5	1	377	1	1	1	171	8721	47	10	18	Street's
5	1	377	1	1	2	222	8720	34	11	96	View.
2	1	378	0	0	0	384	8723	56	11	-1	
3	1	378	1	0	0	384	8723	56	11	-1	
4	1	378	1	1	0	384	8723	56	11	-1	
5	1	378	1	1	1	384	8723	56	11	95	economy
2	1	379	0	0	0	597	8729	158	11	-1	
3	1	379	1	0	0	597	8729	158	11	-1	
4	1	379	1	1	0	597	8729	158	11	-1	
5	1	379	1	1	1	597	8730	27	10	93	Feet
5	1	379	1	1	2	623	8721	11	28	95	of
5	1	379	1	1	3	635	8729	46	11	95	Direct
5	1	379	1	1	4	685	8729	70	11	84	Beachfront
2	1	380	0	0	0	171	8759	149	14	-1	
3	1	380	1	0	0	171	8759	149	14	-1	
4	1	380	1	1	0	171	8759	149	14	-1	
5	1	380	1	1	1	171	8759	44	11	19	Biden's
5	1	380	1	1	2	220	8760	42	13	96	Strong
5	1	380	1	1	3	266	8760	54	13	91	Showing
2	1	381	0	0	0	384	8759	186	14	-1	
3	1	381	1	0	0	384	8759	186	14	-1	
4	1	381	1	1	0	384	8759	186	14	-1	
5	1	381	1	1	1	384	8760	27	10	96	Dow
5	1	381	1	1	2	415	8759	68	11	96	industrials
5	1	381	1	1	3	487	8763	28	7	82	seen
5	1	381	1	1	4	519	8763	51	10	94	opening
2	1	382	0	0	0	597	8768	150	14	-1	
3	1	382	1	0	0	597	8768	150	14	-1	
4	1	382	1	1	0	597	8768	150	14	-1	
5	1	382	1	1	1	597	8768	54	14	93	Partially
5	1	382	1	1	2	655	8768	47	11	93	Moated
5	1	382	1	1	3	706	8769	41	10	96	Manor
2	1	383	0	0	0	170	8777	184	14	-1	
3	1	383	1	0	0	170	8777	184	14	-1	
4	1	383	1	1	0	170	8777	184	14	-1	
5	1	383	1	1	1	170	8777	44	11	96	Pushes
5	1	383	1	1	2	218	8777	35	11	96	Stock
5	1	383	1	1	3	256	8778	49	10	96	Futures
5	1	383	1	1	4	308	8777	46	14	95	Higher.
2	1	384	0	0	0	384	8777	161	14	-1	
3	1	384	1	0	0	384	8777	161	14	-1	
4	1	384	1	1	0	384	8777	161	14	-1	
5	1	384	1	1	1	384	8777	47	14	96	sharply
5	1	384	1	1	2	435	8777	40	14	96	higher
5	1	384	1	1	3	479	8781	7	7	93	a
5	1	384	1	1	4	489	8777	22	14	93	day
5	1	384	1	1	5	515	8777	30	11	94	after
2	1	385	0	0	0	597	8786	179	14	-1	
3	1	385	1	0	0	597	8786	179	14	-1	
4	1	385	1	1	0	597	8786	179	14	-1	
5	1	385	1	1	1	597	8787	39	10	79	House
5	1	385	1	1	2	640	8786	11	11	96	in
5	1	385	1	1	3	655	8786	52	14	96	England
5	1	385	1	1	4	710	8786	30	11	94	Asks
5	1	385	1	1	5	744	8787	32	10	74	£2.75,
2	1	386	0	0	0	170	8795	172	14	-1	
3	1	386	1	0	0	170	8795	172	14	-1	
4	1	386	1	1	0	170	8795	172	14	-1	
5	1	386	1	1	1	170	8795	34	11	68	What
5	1	386	1	1	2	208	8796	59	10	96	Investors
5	1	386	1	1	3	270	8796	22	10	96	Are
5	1	386	1	1	4	296	8796	46	13	94	Saying.
2	1	387	0	0	0	384	8795	169	14	-1	
3	1	387	1	0	0	384	8795	169	14	-1	
4	1	387	1	1	0	384	8795	169	14	-1	
5	1	387	1	1	1	384	8795	31	11	89	Fed’s
5	1	387	1	1	2	420	8799	52	10	94	surprise
5	1	387	1	1	3	476	8797	48	9	96	interest
5	1	387	1	1	4	529	8797	24	9	96	rate
2	1	388	0	0	0	384	8815	19	9	-1	
3	1	388	1	0	0	384	8815	19	9	-1	
4	1	388	1	1	0	384	8815	19	9	-1	
5	1	388	1	1	1	384	8815	19	9	94	cut
2	1	389	0	0	0	597	8804	45	11	-1	
3	1	389	1	0	0	597	8804	45	11	-1	
4	1	389	1	1	0	597	8804	45	11	-1	
5	1	389	1	1	1	597	8804	45	11	94	Million
2	1	390	0	0	0	171	8868	47	13	-1	
3	1	390	1	0	0	171	8868	47	13	-1	
4	1	390	1	1	0	171	8868	47	13	-1	
5	1	390	1	1	1	171	8868	47	13	96	PENTA
2	1	391	0	0	0	171	9037	189	14	-1	
3	1	391	1	0	0	171	9037	189	14	-1	
4	1	391	1	1	0	171	9037	189	14	-1	
5	1	391	1	1	1	171	9037	41	14	96	Nearly
5	1	391	1	1	2	216	9038	23	10	94	200
5	1	391	1	1	3	243	9037	51	14	95	Original
5	1	391	1	1	4	298	9037	62	14	96	Negatives
2	1	392	0	0	0	171	9055	186	14	-1	
3	1	392	1	0	0	171	9055	186	14	-1	
4	1	392	1	1	0	171	9055	186	14	-1	
5	1	392	1	1	1	162	9047	22	29	96	of
5	1	392	1	1	2	186	9055	50	14	96	Marilyn
5	1	392	1	1	3	239	9056	49	10	95	Monroe
5	1	392	1	1	4	292	9057	12	9	93	at
5	1	392	1	1	5	307	9056	50	13	93	Niagara
2	1	393	0	0	0	170	9073	124	14	-1	
3	1	393	1	0	0	170	9073	124	14	-1	
4	1	393	1	1	0	170	9073	124	14	-1	
5	1	393	1	1	1	170	9073	29	11	88	Falls
5	1	393	1	1	2	203	9077	16	10	93	up
5	1	393	1	1	3	222	9073	18	11	96	for
5	1	393	1	1	4	244	9073	50	11	81	Auction
2	1	394	0	0	0	171	9112	190	11	-1	
3	1	394	1	0	0	171	9112	190	11	-1	
4	1	394	1	1	0	171	9112	190	11	-1	
5	1	394	1	1	1	171	9113	55	10	96	Domaine
5	1	394	1	1	2	230	9112	14	11	94	de
5	1	394	1	1	3	248	9112	11	11	92	la
5	1	394	1	1	4	263	9112	98	11	86	Romanée-Conti
2	1	395	0	0	0	171	9130	156	14	-1	
3	1	395	1	0	0	171	9130	156	14	-1	
4	1	395	1	1	0	171	9130	156	14	-1	
5	1	395	1	1	1	171	9130	46	11	96	Ranked
5	1	395	1	1	2	221	9131	23	13	96	Top
5	1	395	1	1	3	248	9130	58	11	95	Producer
5	1	395	1	1	4	309	9130	18	11	95	for
2	1	396	0	0	0	171	9148	97	14	-1	
3	1	396	1	0	0	171	9148	97	14	-1	
4	1	396	1	1	0	171	9148	97	14	-1	
5	1	396	1	1	1	171	9148	60	14	35	Sotheby's
5	1	396	1	1	2	235	9149	33	10	96	Wine
2	1	397	0	0	0	171	9187	178	14	-1	
3	1	397	1	0	0	171	9187	178	14	-1	
4	1	397	1	1	0	171	9187	178	14	-1	
5	1	397	1	1	1	171	9188	41	10	96	Future
5	1	397	1	1	2	216	9188	54	10	96	Returns:
5	1	397	1	1	3	274	9187	59	14	91	Investing
5	1	397	1	1	4	337	9191	12	7	91	in
2	1	398	0	0	0	170	9205	124	11	-1	
3	1	398	1	0	0	170	9205	124	11	-1	
4	1	398	1	1	0	170	9205	124	11	-1	
5	1	398	1	1	1	170	9205	20	11	96	the
5	1	398	1	1	2	194	9206	42	10	96	Future
5	1	398	1	1	3	240	9205	13	11	96	of
5	1	398	1	1	4	256	9206	38	10	95	Waste
2	1	399	0	0	0	847	9296	38	6	-1	
3	1	399	1	0	0	847	9296	38	6	-1	
4	1	399	1	1	0	847	9296	38	6	-1	
5	1	399	1	1	1	833	9283	43	28	49	——
5	1	399	1	1	2	883	9297	2	4	39	7
2	1	400	0	0	0	171	9310	143	11	-1	
3	1	400	1	0	0	171	9310	143	11	-1	
4	1	400	1	1	0	171	9310	143	11	-1	
5	1	400	1	1	1	171	9310	94	11	96	SPONSORED
5	1	400	1	1	2	271	9310	43	11	96	LINKS
2	1	401	0	0	0	985	9298	45	23	-1	
3	1	401	1	0	0	985	9298	45	23	-1	
4	1	401	1	1	0	985	9298	45	23	-1	
5	1	401	1	1	1	985	9298	45	23	57	WSJ:
2	1	402	0	0	0	933	9330	160	17	-1	
3	1	402	1	0	0	933	9330	160	17	-1	
4	1	402	1	1	0	933	9330	160	17	-1	
5	1	402	1	1	1	933	9330	35	13	76	Bea
5	1	402	1	1	2	974	9330	32	13	96	VIP
5	1	402	1	1	3	1012	9332	14	11	96	at
5	1	402	1	1	4	1034	9330	59	17	86	Luxury
2	1	403	0	0	0	171	9346	245	12	-1	
3	1	403	1	0	0	171	9346	245	12	-1	
4	1	403	1	1	0	171	9346	245	12	-1	
5	1	403	1	1	1	171	9346	99	12	96	Mesothelioma
5	1	403	1	1	2	276	9347	53	11	96	Lawsuit
5	1	403	1	1	3	335	9346	35	12	96	After
5	1	403	1	1	4	375	9346	41	12	96	Death
2	1	404	0	0	0	817	9356	9	2	-1	
3	1	404	1	0	0	817	9356	9	2	-1	
4	1	404	1	1	0	817	9356	9	2	-1	
5	1	404	1	1	1	817	9356	9	2	43	=
2	1	405	0	0	0	923	9349	178	14	-1	
3	1	405	1	0	0	923	9349	178	14	-1	
4	1	405	1	1	0	923	9349	178	14	-1	
5	1	405	1	1	1	923	9350	37	13	96	Golf
5	1	405	1	1	2	963	9349	44	14	96	Clubs
5	1	405	1	1	3	1014	9350	87	13	96	Worldwide
2	1	406	0	0	0	172	9377	144	15	-1	
3	1	406	1	0	0	172	9377	144	15	-1	
4	1	406	1	1	0	172	9377	144	15	-1	
5	1	406	1	1	1	172	9378	67	14	96	European
5	1	406	1	1	2	244	9377	38	12	96	Stock
5	1	406	1	1	3	287	9378	29	11	93	ETF
2	1	407	0	0	0	810	9405	20	7	-1	
3	1	407	1	0	0	810	9405	20	7	-1	
4	1	407	1	1	0	810	9405	20	7	-1	
5	1	407	1	1	1	810	9405	20	7	26	Ed
2	1	408	0	0	0	972	9404	27	6	-1	
3	1	408	1	0	0	972	9404	27	6	-1	
4	1	408	1	1	0	972	9404	27	6	-1	
5	1	408	1	1	1	972	9404	13	6	59	use
2	1	409	0	0	0	1048	9403	11	6	-1	
3	1	409	1	0	0	1048	9403	11	6	-1	
4	1	409	1	1	0	1048	9403	11	6	-1	
5	1	409	1	1	1	1048	9403	11	6	47	en
2	1	410	0	0	0	172	9409	172	14	-1	
3	1	410	1	0	0	172	9409	172	14	-1	
4	1	410	1	1	0	172	9409	172	14	-1	
5	1	410	1	1	1	172	9409	28	11	96	Best
5	1	410	1	1	2	206	9409	47	14	96	Money
5	1	410	1	1	3	258	9409	50	11	95	Market
5	1	410	1	1	4	313	9409	31	11	95	Rate
2	1	411	0	0	0	171	9439	111	12	-1	
3	1	411	1	0	0	171	9439	111	12	-1	
4	1	411	1	1	0	171	9439	111	12	-1	
5	1	411	1	1	1	171	9439	39	12	96	Index
5	1	411	1	1	2	216	9440	33	11	96	ETFs
5	1	411	1	1	3	256	9440	26	11	87	List
2	1	412	0	0	0	171	9482	139	14	-1	
3	1	412	1	0	0	171	9482	139	14	-1	
4	1	412	1	1	0	171	9482	139	14	-1	
5	1	412	1	1	1	171	9482	18	11	96	Go
5	1	412	1	1	2	195	9482	63	14	95	Compare
5	1	412	1	1	3	264	9482	46	14	96	Energy
2	1	413	0	0	0	491	9481	168	15	-1	
3	1	413	1	0	0	491	9481	168	15	-1	
4	1	413	1	1	0	491	9481	168	15	-1	
5	1	413	1	1	1	491	9481	49	12	96	Mutual
5	1	413	1	1	2	547	9481	42	12	96	Funds
5	1	413	1	1	3	595	9482	64	14	95	Investing
2	1	414	0	0	0	171	9513	22	11	-1	
3	1	414	1	0	0	171	9513	22	11	-1	
4	1	414	1	1	0	171	9513	22	11	-1	
5	1	414	1	1	1	171	9513	22	11	85	Inv
2	1	415	0	0	0	209	9512	173	15	-1	
3	1	415	1	0	0	209	9512	173	15	-1	
4	1	415	1	1	0	209	9512	173	15	-1	
5	1	415	1	1	1	209	9512	27	15	94	ting
5	1	415	1	1	2	241	9516	12	8	91	in
5	1	415	1	1	3	258	9512	26	12	91	The
5	1	415	1	1	4	290	9512	38	12	96	Stock
5	1	415	1	1	5	333	9512	49	12	92	Market
2	1	416	0	0	0	490	9512	159	15	-1	
3	1	416	1	0	0	490	9512	159	15	-1	
4	1	416	1	1	0	490	9512	159	15	-1	
5	1	416	1	1	1	490	9512	42	15	69	‘Triple
5	1	416	1	1	2	538	9512	70	15	91	Leveraged
5	1	416	1	1	3	614	9513	35	11	96	ETFs
2	1	417	0	0	0	491	9543	106	12	-1	
3	1	417	1	0	0	491	9543	106	12	-1	
4	1	417	1	1	0	491	9543	106	12	-1	
5	1	417	1	1	1	491	9543	38	12	96	Stock
5	1	417	1	1	2	534	9543	42	12	96	Under
5	1	417	1	1	3	583	9546	14	9	93	10
2	1	418	0	0	0	171	9543	134	15	-1	
3	1	418	1	0	0	171	9543	134	15	-1	
4	1	418	1	1	0	171	9543	134	15	-1	
5	1	418	1	1	1	171	9543	65	15	96	Investing
5	1	418	1	1	2	241	9547	12	8	96	in
5	1	418	1	1	3	259	9543	46	12	92	Shares
2	1	419	0	0	0	171	9574	134	15	-1	
3	1	419	1	0	0	171	9574	134	15	-1	
4	1	419	1	1	0	171	9574	134	15	-1	
5	1	419	1	1	1	171	9574	36	12	96	Good
5	1	419	1	1	2	213	9574	44	12	96	Stocks
5	1	419	1	1	3	262	9576	13	10	94	to
5	1	419	1	1	4	281	9575	24	14	94	Buy
2	1	420	0	0	0	491	9574	123	15	-1	
3	1	420	1	0	0	491	9574	123	15	-1	
4	1	420	1	1	0	491	9574	123	15	-1	
5	1	420	1	1	1	491	9575	26	11	96	Hot
5	1	420	1	1	2	522	9575	41	14	95	Penny
5	1	420	1	1	3	570	9574	44	12	96	Stocks
2	1	421	0	0	0	171	9626	159	11	-1	
3	1	421	1	0	0	171	9626	159	11	-1	
4	1	421	1	1	0	171	9626	159	11	-1	
5	1	421	1	1	1	171	9626	94	11	96	SPONSORED
5	1	421	1	1	2	271	9626	59	11	96	OFFERS
2	1	422	0	0	0	171	9667	42	9	-1	
3	1	422	1	0	0	171	9667	42	9	-1	
4	1	422	1	1	0	171	9667	42	9	-1	
5	1	422	1	1	1	171	9667	42	9	67	MACY'S:
2	1	423	0	0	0	490	9668	65	8	-1	
3	1	423	1	0	0	490	9668	65	8	-1	
4	1	423	1	1	0	490	9668	65	8	-1	
5	1	423	1	1	1	490	9668	65	8	47	TURBOTAX:
2	1	424	0	0	0	171	9683	231	15	-1	
3	1	424	1	0	0	171	9683	231	15	-1	
4	1	424	1	1	0	171	9683	231	15	-1	
5	1	424	1	1	1	171	9684	30	13	96	30%
5	1	424	1	1	2	206	9683	19	12	86	off
5	1	424	1	1	3	229	9683	73	15	86	full-priced
5	1	424	1	1	4	307	9683	42	12	93	Coach
5	1	424	1	1	5	355	9683	47	15	80	Sungla
2	1	425	0	0	0	490	9683	247	12	-1	
3	1	425	1	0	0	490	9683	247	12	-1	
4	1	425	1	1	0	490	9683	247	12	-1	
5	1	425	1	1	1	490	9683	69	12	96	TurboTax
5	1	425	1	1	2	564	9683	59	12	96	discount:
5	1	425	1	1	3	634	9685	26	10	96	$20
5	1	425	1	1	4	666	9683	19	12	96	off
5	1	425	1	1	5	690	9683	47	12	96	Deluxe
2	1	426	0	0	0	171	9703	169	15	-1	
3	1	426	1	0	0	171	9703	169	15	-1	
4	1	426	1	1	0	171	9703	169	15	-1	
5	1	426	1	1	1	171	9703	29	12	96	with
5	1	426	1	1	2	206	9704	77	14	96	Macys.com
5	1	426	1	1	3	289	9707	51	11	96	coupon
2	1	427	0	0	0	490	9707	51	8	-1	
3	1	427	1	0	0	490	9707	51	8	-1	
4	1	427	1	1	0	490	9707	51	8	-1	
5	1	427	1	1	1	490	9707	51	8	79	version
2	1	428	0	0	0	171	9735	77	8	-1	
3	1	428	1	0	0	171	9735	77	8	-1	
4	1	428	1	1	0	171	9735	77	8	-1	
5	1	428	1	1	1	171	9735	77	8	90	HOTELS.COM:
2	1	429	0	0	0	491	9732	106	11	-1	
3	1	429	1	0	0	491	9732	106	11	-1	
4	1	429	1	1	0	491	9732	106	11	-1	
5	1	429	1	1	1	491	9732	54	11	91	BARCELO
5	1	429	1	1	2	550	9735	47	8	95	HOTELS:
2	1	430	0	0	0	171	9750	255	15	-1	
3	1	430	1	0	0	171	9750	255	15	-1	
4	1	430	1	1	0	171	9750	255	15	-1	
5	1	430	1	1	1	171	9750	79	12	96	Hotels.com
5	1	430	1	1	2	255	9754	51	11	96	coupon
5	1	430	1	1	3	311	9750	36	12	96	code:
5	1	430	1	1	4	353	9750	73	12	96	Additional
2	1	431	0	0	0	491	9750	257	15	-1	
3	1	431	1	0	0	491	9750	257	15	-1	
4	1	431	1	1	0	491	9750	257	15	-1	
5	1	431	1	1	1	491	9751	26	14	93	15%
5	1	431	1	1	2	523	9754	46	11	93	promo
5	1	431	1	1	3	574	9750	31	12	96	code
5	1	431	1	1	4	611	9750	84	12	94	all-inclusive
5	1	431	1	1	5	701	9751	47	11	93	Bavaro
2	1	432	0	0	0	171	9770	171	15	-1	
3	1	432	1	0	0	171	9770	171	15	-1	
4	1	432	1	1	0	171	9770	171	15	-1	
5	1	432	1	1	1	171	9771	28	11	95	10%
5	1	432	1	1	2	204	9770	19	12	94	off
5	1	432	1	1	3	227	9774	32	11	94	your
5	1	432	1	1	4	264	9770	78	12	84	reservation
2	1	433	0	0	0	491	9770	41	12	-1	
3	1	433	1	0	0	491	9770	41	12	-1	
4	1	433	1	1	0	491	9770	41	12	-1	
5	1	433	1	1	1	491	9770	41	12	96	hotels
2	1	434	0	0	0	170	9802	30	8	-1	
3	1	434	1	0	0	170	9802	30	8	-1	
4	1	434	1	1	0	170	9802	30	8	-1	
5	1	434	1	1	1	170	9802	30	8	57	NIKE:
2	1	435	0	0	0	491	9802	17	8	-1	
3	1	435	1	0	0	491	9802	17	8	-1	
4	1	435	1	1	0	491	9802	17	8	-1	
5	1	435	1	1	1	491	9802	17	8	62	EBS
2	1	436	0	0	0	171	9817	284	15	-1	
3	1	436	1	0	0	171	9817	284	15	-1	
4	1	436	1	1	0	171	9817	284	15	-1	
5	1	436	1	1	1	171	9817	31	12	96	Nike
5	1	436	1	1	2	208	9821	50	11	96	promo:
5	1	436	1	1	3	264	9818	30	13	96	40%
5	1	436	1	1	4	299	9817	20	12	93	off
5	1	436	1	1	5	323	9817	88	12	92	newly-added
5	1	436	1	1	6	417	9817	38	12	88	shoes
2	1	437	0	0	0	491	9817	254	15	-1	
3	1	437	1	0	0	491	9817	254	15	-1	
4	1	437	1	1	0	491	9817	254	15	-1	
5	1	437	1	1	1	491	9818	30	11	96	eBay
5	1	437	1	1	2	529	9821	50	11	96	coupon
5	1	437	1	1	3	585	9817	31	12	96	code:
5	1	437	1	1	4	627	9818	30	11	96	20%
5	1	437	1	1	5	652	9807	27	32	88	off
5	1	437	1	1	6	685	9821	12	8	96	on
5	1	437	1	1	7	707	9817	38	12	96	select
2	1	438	0	0	0	171	9837	67	15	-1	
3	1	438	1	0	0	171	9837	67	15	-1	
4	1	438	1	1	0	171	9837	67	15	-1	
5	1	438	1	1	1	171	9838	10	11	92	&
5	1	438	1	1	2	186	9837	52	15	95	apparel
2	1	439	0	0	0	491	9837	109	15	-1	
3	1	439	1	0	0	491	9837	109	15	-1	
4	1	439	1	1	0	491	9837	109	15	-1	
5	1	439	1	1	1	491	9838	43	14	96	Dyson
5	1	439	1	1	2	539	9837	48	15	50	products
2	1	440	0	0	0	164	9893	240	21	-1	
3	1	440	1	0	0	164	9893	240	21	-1	
4	1	440	1	1	0	164	9893	240	21	-1	
5	1	440	1	1	1	164	9893	36	21	96	THE
5	1	440	1	1	2	204	9893	46	21	96	WALL
5	1	440	1	1	3	255	9893	65	21	96	STREET
5	1	440	1	1	4	325	9893	79	21	86	JOURNAL.
2	1	441	0	0	0	440	9897	99	12	-1	
3	1	441	1	0	0	440	9897	99	12	-1	
4	1	441	1	1	0	440	9897	99	12	-1	
5	1	441	1	1	1	440	9897	41	12	90	English
5	1	441	1	1	2	485	9897	39	10	89	Edition
5	1	441	1	1	3	535	9900	4	4	46	+
2	1	442	0	0	0	972	9899	80	9	-1	
3	1	442	1	0	0	972	9899	80	9	-1	
4	1	442	1	1	0	972	9899	80	9	-1	
5	1	442	1	1	1	972	9899	53	9	91	‘Subscribe
5	1	442	1	1	2	1028	9899	24	9	94	Now
2	1	443	0	0	0	1094	9899	26	11	-1	
3	1	443	1	0	0	1094	9899	26	11	-1	
4	1	443	1	1	0	1094	9899	26	11	-1	
5	1	443	1	1	1	1094	9899	26	11	78	ignin
2	1	444	0	0	0	166	9956	103	12	-1	
3	1	444	1	0	0	166	9956	103	12	-1	
4	1	444	1	1	0	166	9956	103	12	-1	
5	1	444	1	1	1	166	9957	27	9	80	WSJ
5	1	444	1	1	2	196	9956	73	12	95	Membership
2	1	445	0	0	0	361	9957	102	9	-1	
3	1	445	1	0	0	361	9957	102	9	-1	
4	1	445	1	1	0	361	9957	102	9	-1	
5	1	445	1	1	1	361	9957	57	9	71	‘Customer
5	1	445	1	1	2	421	9957	42	9	89	Service
2	1	446	0	0	0	556	9956	96	10	-1	
3	1	446	1	0	0	556	9956	96	10	-1	
4	1	446	1	1	0	556	9956	96	10	-1	
5	1	446	1	1	1	556	9956	31	10	92	Tools
5	1	446	1	1	2	590	9957	8	9	93	&
5	1	446	1	1	3	602	9957	50	9	96	Features
2	1	447	0	0	0	751	9957	22	9	-1	
3	1	447	1	0	0	751	9957	22	9	-1	
4	1	447	1	1	0	751	9957	22	9	-1	
5	1	447	1	1	1	751	9957	22	9	89	Ads
2	1	448	0	0	0	947	9957	30	9	-1	
3	1	448	1	0	0	947	9957	30	9	-1	
4	1	448	1	1	0	947	9957	30	9	-1	
5	1	448	1	1	1	947	9957	30	9	94	More
2	1	449	0	0	0	167	9985	147	11	-1	
3	1	449	1	0	0	167	9985	147	11	-1	
4	1	449	1	1	0	167	9985	147	11	-1	
5	1	449	1	1	1	167	9985	30	9	39	WSJ+
5	1	449	1	1	2	201	9985	66	11	95	Membership
5	1	449	1	1	3	271	9985	43	9	96	Benefits
2	1	450	0	0	0	362	9985	89	9	-1	
3	1	450	1	0	0	362	9985	89	9	-1	
4	1	450	1	1	0	362	9985	89	9	-1	
5	1	450	1	1	1	362	9985	51	9	96	Customer
5	1	450	1	1	2	416	9985	35	9	96	Center
2	1	451	0	0	0	557	9985	80	9	-1	
3	1	451	1	0	0	557	9985	80	9	-1	
4	1	451	1	1	0	557	9985	80	9	-1	
5	1	451	1	1	1	557	9985	35	9	93	Emails
5	1	451	1	1	2	595	9985	7	9	91	&
5	1	451	1	1	3	605	9985	32	9	94	Alerts
2	1	452	0	0	0	751	9985	51	9	-1	
3	1	452	1	0	0	751	9985	51	9	-1	
4	1	452	1	1	0	751	9985	51	9	-1	
5	1	452	1	1	1	751	9985	51	9	93	Advertise
2	1	453	0	0	0	947	9985	112	9	-1	
3	1	453	1	0	0	947	9985	112	9	-1	
4	1	453	1	1	0	947	9985	112	9	-1	
5	1	453	1	1	1	947	9985	32	9	79	About
5	1	453	1	1	2	982	9985	17	9	96	the
5	1	453	1	1	3	1002	9986	57	8	75	Newsroom
2	1	454	0	0	0	167	10010	110	11	-1	
3	1	454	1	0	0	167	10010	110	11	-1	
4	1	454	1	1	0	167	10010	110	11	-1	
5	1	454	1	1	1	167	10010	66	11	96	Subscription
5	1	454	1	1	2	236	10010	41	11	96	Options
2	1	455	0	0	0	361	10010	58	9	-1	
3	1	455	1	0	0	361	10010	58	9	-1	
4	1	455	1	1	0	361	10010	58	9	-1	
5	1	455	1	1	1	361	10010	42	9	84	Contact
5	1	455	1	1	2	406	10011	13	8	92	Us
2	1	456	0	0	0	556	10010	36	9	-1	
3	1	456	1	0	0	556	10010	36	9	-1	
4	1	456	1	1	0	556	10010	36	9	-1	
5	1	456	1	1	1	556	10010	36	9	92	Guides
2	1	457	0	0	0	751	10010	149	9	-1	
3	1	457	1	0	0	751	10010	149	9	-1	
4	1	457	1	1	0	751	10010	149	9	-1	
5	1	457	1	1	1	751	10010	63	9	81	‘Commercial
5	1	457	1	1	2	818	10010	22	9	95	Real
5	1	457	1	1	3	843	10010	34	9	95	Estate
5	1	457	1	1	4	880	10010	20	9	95	Ads
2	1	458	0	0	0	947	10010	112	11	-1	
3	1	458	1	0	0	947	10010	112	11	-1	
4	1	458	1	1	0	947	10010	112	11	-1	
5	1	458	1	1	1	947	10010	42	9	95	Content
5	1	458	1	1	2	992	10010	67	11	92	Partnerships
2	1	459	0	0	0	167	10035	84	11	-1	
3	1	459	1	0	0	167	10035	84	11	-1	
4	1	459	1	1	0	167	10035	84	11	-1	
5	1	459	1	1	1	167	10035	24	11	95	Why
5	1	459	1	1	2	194	10035	57	9	96	Subscribe?
2	1	460	0	0	0	557	10035	48	11	-1	
3	1	460	1	0	0	557	10035	48	11	-1	
4	1	460	1	1	0	557	10035	48	11	-1	
5	1	460	1	1	1	557	10035	48	11	79	MyNews
2	1	461	0	0	0	752	10035	106	9	-1	
3	1	461	1	0	0	752	10035	106	9	-1	
4	1	461	1	1	0	752	10035	106	9	-1	
5	1	461	1	1	1	752	10035	35	9	17	Placea
5	1	461	1	1	2	791	10035	50	9	17	Classified
5	1	461	1	1	3	844	10035	14	9	96	Ad
2	1	462	0	0	0	947	10035	60	9	-1	
3	1	462	1	0	0	947	10035	60	9	-1	
4	1	462	1	1	0	947	10035	60	9	-1	
5	1	462	1	1	1	947	10035	60	9	77	Corrections
2	1	463	0	0	0	166	10060	128	11	-1	
3	1	463	1	0	0	166	10060	128	11	-1	
4	1	463	1	1	0	166	10060	128	11	-1	
5	1	463	1	1	1	166	10060	53	11	73	Corporate
5	1	463	1	1	2	222	10060	72	11	94	Subscriptions
2	1	464	0	0	0	557	10060	55	9	-1	
3	1	464	1	0	0	557	10060	55	9	-1	
4	1	464	1	1	0	557	10060	55	9	-1	
5	1	464	1	1	1	557	10060	21	9	82	RSS
5	1	464	1	1	2	582	10060	30	9	76	Feeds
2	1	465	0	0	0	752	10060	95	9	-1	
3	1	465	1	0	0	752	10060	95	9	-1	
4	1	465	1	1	0	752	10060	95	9	-1	
5	1	465	1	1	1	752	10060	18	9	95	Sell
5	1	465	1	1	2	773	10060	24	9	95	Your
5	1	465	1	1	3	800	10060	47	9	82	Business
2	1	466	0	0	0	947	10060	64	9	-1	
3	1	466	1	0	0	947	10060	64	9	-1	
4	1	466	1	1	0	947	10060	64	9	-1	
5	1	466	1	1	1	947	10060	23	9	96	Jobs
5	1	466	1	1	2	973	10061	11	8	93	at
5	1	466	1	1	3	987	10060	24	9	85	WSJ
2	1	467	0	0	0	167	10085	91	9	-1	
3	1	467	1	0	0	167	10085	91	9	-1	
4	1	467	1	1	0	167	10085	91	9	-1	
5	1	467	1	1	1	167	10085	50	9	95	Professor
5	1	467	1	1	2	220	10085	38	9	94	Journal
2	1	468	0	0	0	556	10085	68	9	-1	
3	1	468	1	0	0	556	10085	68	9	-1	
4	1	468	1	1	0	556	10085	68	9	-1	
5	1	468	1	1	1	556	10085	30	9	91	Video
5	1	468	1	1	2	589	10085	35	9	96	Center
2	1	469	0	0	0	752	10085	79	9	-1	
3	1	469	1	0	0	752	10085	79	9	-1	
4	1	469	1	1	0	752	10085	79	9	-1	
5	1	469	1	1	1	752	10085	18	9	96	Sell
5	1	469	1	1	2	773	10085	24	9	94	Your
5	1	469	1	1	3	800	10085	31	9	94	Home
2	1	470	0	0	0	947	10085	52	9	-1	
3	1	470	1	0	0	947	10085	52	9	-1	
4	1	470	1	1	0	947	10085	52	9	-1	
5	1	470	1	1	1	947	10085	52	9	93	Masthead
2	1	471	0	0	0	167	10110	83	9	-1	
3	1	471	1	0	0	167	10110	83	9	-1	
4	1	471	1	1	0	167	10110	83	9	-1	
5	1	471	1	1	1	158	10100	50	28	96	Student
5	1	471	1	1	2	211	10100	39	28	91	Journal
2	1	472	0	0	0	557	10110	50	9	-1	
3	1	472	1	0	0	557	10110	50	9	-1	
4	1	472	1	1	0	557	10110	50	9	-1	
5	1	472	1	1	1	557	10110	50	9	70	Watchlist
2	1	473	0	0	0	752	10110	136	9	-1	
3	1	473	1	0	0	752	10110	136	9	-1	
4	1	473	1	1	0	752	10110	136	9	-1	
5	1	473	1	1	1	752	10110	66	9	93	Recruitment
5	1	473	1	1	2	821	10111	7	8	93	&
5	1	473	1	1	3	831	10110	34	9	88	Career
5	1	473	1	1	4	868	10110	20	9	96	Ads
2	1	474	0	0	0	947	10110	71	9	-1	
3	1	474	1	0	0	947	10110	71	9	-1	
4	1	474	1	1	0	947	10110	71	9	-1	
5	1	474	1	1	1	947	10110	29	9	93	News
5	1	474	1	1	2	979	10110	39	9	93	Archive
2	1	475	0	0	0	167	10135	137	11	-1	
3	1	475	1	0	0	167	10135	137	11	-1	
4	1	475	1	1	0	167	10135	137	11	-1	
5	1	475	1	1	1	167	10135	23	9	64	WS)
5	1	475	1	1	2	194	10135	24	11	67	High
5	1	475	1	1	3	221	10135	35	9	93	School
5	1	475	1	1	4	259	10135	45	11	76	Program
2	1	476	0	0	0	557	10135	47	9	-1	
3	1	476	1	0	0	557	10135	47	9	-1	
4	1	476	1	1	0	557	10135	47	9	-1	
5	1	476	1	1	1	557	10135	47	9	94	Podcasts
2	1	477	0	0	0	752	10135	45	11	-1	
3	1	477	1	0	0	752	10135	45	11	-1	
4	1	477	1	1	0	752	10135	45	11	-1	
5	1	477	1	1	1	752	10135	45	11	95	Coupons
2	1	478	0	0	0	947	10135	87	11	-1	
3	1	478	1	0	0	947	10135	87	11	-1	
4	1	478	1	1	0	947	10135	87	11	-1	
5	1	478	1	1	1	938	10126	52	28	51	Register
5	1	478	1	1	2	993	10126	16	28	51	for
5	1	478	1	1	3	1012	10135	22	9	82	Free
2	1	479	0	0	0	167	10160	120	11	-1	
3	1	479	1	0	0	167	10160	120	11	-1	
4	1	479	1	1	0	167	10160	120	11	-1	
5	1	479	1	1	1	167	10160	23	9	39	WS
5	1	479	1	1	2	194	10160	45	11	95	Amenity
5	1	479	1	1	3	242	10160	45	11	86	Program
2	1	480	0	0	0	947	10160	44	11	-1	
3	1	480	1	0	0	947	10160	44	11	-1	
4	1	480	1	1	0	947	10160	44	11	-1	
5	1	480	1	1	1	947	10160	44	11	90	Reprints
2	1	481	0	0	0	947	10185	55	11	-1	
3	1	481	1	0	0	947	10185	55	11	-1	
4	1	481	1	1	0	947	10185	55	11	-1	
5	1	481	1	1	1	947	10185	55	11	47	Buylssues
2	1	482	0	0	0	375	10213	8	16	-1	
3	1	482	1	0	0	375	10213	8	16	-1	
4	1	482	1	1	0	375	10213	8	16	-1	
5	1	482	1	1	1	375	10213	8	16	89	f
2	1	483	0	0	0	418	10209	387	25	-1	
3	1	483	1	0	0	418	10209	387	25	-1	
4	1	483	1	1	0	418	10209	387	25	-1	
5	1	483	1	1	1	418	10209	387	25	0	,Ooo®
5	1	483	1	1	2	589	10205	42	42	0	s
5	1	483	1	1	3	704	10209	101	25	13	ta
2	1	484	0	0	0	197	10278	107	9	-1	
3	1	484	1	0	0	197	10278	107	9	-1	
4	1	484	1	1	0	197	10278	107	9	-1	
5	1	484	1	1	1	197	10278	23	9	96	Dow
5	1	484	1	1	2	223	10278	31	9	88	Jones
5	1	484	1	1	3	257	10278	47	9	88	Products
2	1	485	0	0	0	341	10278	43	9	-1	
3	1	485	1	0	0	341	10278	43	9	-1	
4	1	485	1	1	0	341	10278	43	9	-1	
5	1	485	1	1	1	341	10278	43	9	57	Barron's
2	1	486	0	0	0	407	10278	52	11	-1	
3	1	486	1	0	0	407	10278	52	11	-1	
4	1	486	1	1	0	407	10278	52	11	-1	
5	1	486	1	1	1	407	10278	52	11	96	BigCharts
2	1	487	0	0	0	481	10278	84	9	-1	
3	1	487	1	0	0	481	10278	84	9	-1	
4	1	487	1	1	0	481	10278	84	9	-1	
5	1	487	1	1	1	481	10278	23	9	95	Dow
5	1	487	1	1	2	507	10278	30	9	93	Jones
5	1	487	1	1	3	541	10278	24	9	86	DNA
2	1	488	0	0	0	587	10278	117	9	-1	
3	1	488	1	0	0	587	10278	117	9	-1	
4	1	488	1	1	0	587	10278	117	9	-1	
5	1	488	1	1	1	587	10278	23	9	96	Dow
5	1	488	1	1	2	613	10278	30	9	96	Jones
5	1	488	1	1	3	646	10278	58	9	96	Newswires
2	1	489	0	0	0	726	10278	38	9	-1	
3	1	489	1	0	0	726	10278	38	9	-1	
4	1	489	1	1	0	726	10278	38	9	-1	
5	1	489	1	1	1	726	10278	38	9	95	Factiva
2	1	490	0	0	0	786	10278	79	9	-1	
3	1	490	1	0	0	786	10278	79	9	-1	
4	1	490	1	1	0	786	10278	79	9	-1	
5	1	490	1	1	1	786	10278	46	9	96	Financial
5	1	490	1	1	2	836	10278	29	9	92	News
2	1	491	0	0	0	887	10278	81	9	-1	
3	1	491	1	0	0	887	10278	81	9	-1	
4	1	491	1	1	0	887	10278	81	9	-1	
5	1	491	1	1	1	887	10278	45	9	91	Mansion
5	1	491	1	1	2	935	10278	33	9	92	Global
2	1	492	0	0	0	990	10278	73	9	-1	
3	1	492	1	0	0	990	10278	73	9	-1	
4	1	492	1	1	0	990	10278	73	9	-1	
5	1	492	1	1	1	990	10278	73	9	85	MarketWatch
2	1	493	0	0	0	230	10302	84	9	-1	
3	1	493	1	0	0	230	10302	84	9	-1	
4	1	493	1	1	0	230	10302	84	9	-1	
5	1	493	1	1	1	230	10302	37	9	96	Private
5	1	493	1	1	2	271	10302	43	9	95	Markets
2	1	494	0	0	0	336	10302	59	9	-1	
3	1	494	1	0	0	336	10302	59	9	-1	
4	1	494	1	1	0	336	10302	59	9	-1	
5	1	494	1	1	1	336	10302	59	9	85	realtorcom
2	1	495	0	0	0	417	10302	96	11	-1	
3	1	495	1	0	0	417	10302	96	11	-1	
4	1	495	1	1	0	417	10302	96	11	-1	
5	1	495	1	1	1	417	10302	22	9	74	Risk
5	1	495	1	1	2	442	10302	7	9	74	&
5	1	495	1	1	3	452	10302	61	11	95	Compliance
2	1	496	0	0	0	535	10302	77	9	-1	
3	1	496	1	0	0	535	10302	77	9	-1	
4	1	496	1	1	0	535	10302	77	9	-1	
5	1	496	1	1	1	535	10302	77	9	74	Venturesource
2	1	497	0	0	0	634	10302	87	9	-1	
3	1	497	1	0	0	634	10302	87	9	-1	
4	1	497	1	1	0	634	10302	87	9	-1	
5	1	497	1	1	1	634	10302	24	9	49	WSJ
5	1	497	1	1	2	662	10302	59	9	91	Conference
2	1	498	0	0	0	743	10302	131	11	-1	
3	1	498	1	0	0	743	10302	131	11	-1	
4	1	498	1	1	0	743	10302	131	11	-1	
5	1	498	1	1	1	743	10302	24	9	70	WS)
5	1	498	1	1	2	770	10302	18	9	93	Pro
5	1	498	1	1	3	791	10302	37	9	93	Central
5	1	498	1	1	4	832	10302	42	11	96	Banking
2	1	499	0	0	0	896	10302	57	9	-1	
3	1	499	1	0	0	896	10302	57	9	-1	
4	1	499	1	1	0	896	10302	57	9	-1	
5	1	499	1	1	1	896	10302	24	9	40	WS
5	1	499	1	1	2	923	10302	30	9	75	Video
2	1	500	0	0	0	975	10302	55	9	-1	
3	1	500	1	0	0	975	10302	55	9	-1	
4	1	500	1	1	0	975	10302	55	9	-1	
5	1	500	1	1	1	975	10302	24	9	74	WSJ
5	1	500	1	1	2	1003	10302	27	9	74	Wine
2	1	501	0	0	0	287	10353	177	10	-1	
3	1	501	1	0	0	287	10353	177	10	-1	
4	1	501	1	1	0	287	10353	177	10	-1	
5	1	501	1	1	1	287	10353	33	10	96	Privacy
5	1	501	1	1	2	325	10353	30	8	92	Notice
5	1	501	1	1	3	361	10353	40	10	94	Updated
5	1	501	1	1	4	404	10353	16	8	90	Jan
5	1	501	1	1	5	423	10353	41	8	90	23,2020
2	1	502	0	0	0	482	10353	174	10	-1	
3	1	502	1	0	0	482	10353	174	10	-1	
4	1	502	1	1	0	482	10353	174	10	-1	
5	1	502	1	1	1	482	10353	32	8	23	Cookie
5	1	502	1	1	2	517	10353	30	8	88	Notice
5	1	502	1	1	3	553	10353	40	10	96	Updated
5	1	502	1	1	4	596	10353	16	8	78	Jan
5	1	502	1	1	5	615	10353	41	8	78	23,2020
2	1	503	0	0	0	674	10353	175	10	-1	
3	1	503	1	0	0	674	10353	175	10	-1	
4	1	503	1	1	0	674	10353	175	10	-1	
5	1	503	1	1	1	665	10342	37	28	82	DoNot
5	1	503	1	1	2	707	10342	19	28	49	Salt
5	1	503	1	1	3	730	10353	13	10	96	My
5	1	503	1	1	4	748	10342	41	28	65	Personal
5	1	503	1	1	5	792	10342	57	28	65	Information
2	1	504	0	0	0	867	10353	78	10	-1	
3	1	504	1	0	0	867	10353	78	10	-1	
4	1	504	1	1	0	867	10353	78	10	-1	
5	1	504	1	1	1	867	10353	47	10	79	Copyright
5	1	504	1	1	2	917	10353	28	10	46	Policy
2	1	505	0	0	0	963	10353	53	10	-1	
3	1	505	1	0	0	963	10353	53	10	-1	
4	1	505	1	1	0	963	10353	53	10	-1	
5	1	505	1	1	1	963	10353	23	8	66	Data
5	1	505	1	1	2	989	10353	27	10	66	Policy
2	1	506	0	0	0	714	10391	77	8	-1	
3	1	506	1	0	0	714	10391	77	8	-1	
4	1	506	1	1	0	714	10391	77	8	-1	
5	1	506	1	1	1	714	10391	22	8	94	Your
5	1	506	1	1	2	739	10391	12	8	95	Ad
5	1	506	1	1	3	755	10391	36	8	95	Choices
2	1	507	0	0	0	513	10391	183	10	-1	
3	1	507	1	0	0	513	10391	183	10	-1	
4	1	507	1	1	0	513	10391	183	10	-1	
5	1	507	1	1	1	513	10391	51	8	95	Subscriber
5	1	507	1	1	2	567	10391	109	10	95	Agreement
5	1	507	1	1	3	623	10381	5	28	92	&
5	1	507	1	1	4	630	10391	31	10	86	Terms
5	1	507	1	1	5	663	10381	12	28	86	of
5	1	507	1	1	6	679	10391	17	8	92	Use
2	1	508	0	0	0	731	10423	68	20	-1	
3	1	508	1	0	0	731	10423	68	20	-1	
4	1	508	1	1	0	731	10423	68	20	-1	
5	1	508	1	1	1	731	10423	68	20	96	Offer:
2	1	509	0	0	0	0	10416	1	49	-1	
3	1	509	1	0	0	0	10416	1	49	-1	
4	1	509	1	1	0	0	10416	1	49	-1	
5	1	509	1	1	1	0	10416	1	49	64	|
2	1	510	0	0	0	54	10427	79	38	-1	
3	1	510	1	0	0	54	10427	79	38	-1	
4	1	510	1	1	0	54	10427	79	38	-1	
5	1	510	1	1	1	54	10427	79	38	80	WS]
2	1	511	0	0	0	204	10432	292	30	-1	
3	1	511	1	0	0	204	10432	292	30	-1	
4	1	511	1	1	0	204	10432	292	30	-1	
5	1	511	1	1	1	204	10435	182	26	96	ELECTION
5	1	511	1	1	2	400	10432	96	30	80	2020
2	1	512	0	0	0	638	10423	85	42	-1	
3	1	512	1	0	0	638	10423	85	42	-1	
4	1	512	1	1	0	638	10423	85	42	-1	
5	1	512	1	1	1	638	10423	85	42	16	Saal
2	1	513	0	0	0	726	10461	43	4	-1	
3	1	513	1	0	0	726	10461	43	4	-1	
4	1	513	1	1	0	726	10461	43	4	-1	
5	1	513	1	1	1	728	10446	10	19	52	+,
2	1	514	0	0	0	791	10462	5	3	-1	
3	1	514	1	0	0	791	10462	5	3	-1	
4	1	514	1	1	0	791	10462	5	3	-1	
5	1	514	1	1	1	791	10462	5	3	69	7
